rating,cocoa_percent,bean_type,bean_broad_origin,company_name,company_location
3.75,63.0, ,Sao Tome,A. Morin,France
2.75,70.0, ,Togo,A. Morin,France
3.0,70.0, ,Togo,A. Morin,France
3.5,70.0, ,Togo,A. Morin,France
3.5,70.0, ,Peru,A. Morin,France
2.75,70.0,Criollo,Venezuela,A. Morin,France
3.5,70.0, ,Cuba,A. Morin,France
3.5,70.0,Criollo,Venezuela,A. Morin,France
3.75,70.0,Criollo,Venezuela,A. Morin,France
4.0,70.0, ,Peru,A. Morin,France
2.75,70.0, ,Panama,A. Morin,France
3.0,70.0,Criollo,Madagascar,A. Morin,France
3.25,70.0, ,Brazil,A. Morin,France
3.75,70.0, ,Ecuador,A. Morin,France
2.75,70.0, ,Colombia,A. Morin,France
3.0,70.0, ,Burma,A. Morin,France
3.25,70.0, ,Papua New Guinea,A. Morin,France
4.0,70.0,Trinitario,Venezuela,A. Morin,France
3.25,70.0, ,Peru,A. Morin,France
3.5,70.0, ,Peru,A. Morin,France
4.0,63.0, ,Peru,A. Morin,France
3.5,70.0, ,Bolivia,A. Morin,France
3.75,63.0, ,Peru,A. Morin,France
3.75,70.0, ,Peru,Acalli,U.S.A.
3.75,70.0,Criollo,Peru,Acalli,U.S.A.
2.75,60.0,Trinitario,Fiji,Adi,Fiji
3.25,80.0,Trinitario,Fiji,Adi,Fiji
3.5,88.0,Trinitario,Fiji,Adi,Fiji
3.5,72.0,Trinitario,Fiji,Adi,Fiji
2.75,55.0,Forastero,Ecuador,Aequare (Gianduja),Ecuador
3.0,70.0,Forastero,Ecuador,Aequare (Gianduja),Ecuador
3.0,70.0,Criollo,Mexico,Ah Cacao,Mexico
3.75,75.0,Trinitario,Indonesia,Akesson's (Pralus),Switzerland
2.75,75.0,Criollo,Madagascar,Akesson's (Pralus),Switzerland
2.75,75.0,Forastero,Brazil,Akesson's (Pralus),Switzerland
2.75,65.0,Trinitario,Trinidad,Alain Ducasse,France
2.75,75.0,Trinitario,Vietnam,Alain Ducasse,France
3.0,75.0,Trinitario,Madagascar,Alain Ducasse,France
2.5,75.0,Trinitario,Venezuela,Alain Ducasse,France
2.5,75.0, ,Peru,Alain Ducasse,France
3.5,70.0,Forastero,Ecuador,Alexandre,Netherlands
3.5,70.0,Criollo,Nicaragua,Alexandre,Netherlands
3.5,70.0,Trinitario,Vietnam,Alexandre,Netherlands
3.5,70.0,Forastero,Tanzania,Alexandre,Netherlands
2.75,60.0, ,Nicaragua,Altus aka Cao Artisan,U.S.A.
3.0,60.0, ,Peru,Altus aka Cao Artisan,U.S.A.
2.5,60.0, ,Bolivia,Altus aka Cao Artisan,U.S.A.
2.5,60.0, ,Peru,Altus aka Cao Artisan,U.S.A.
2.75,60.0, ,Ecuador,Altus aka Cao Artisan,U.S.A.
2.5,60.0, ,Venezuela,Altus aka Cao Artisan,U.S.A.
3.0,60.0,Trinitario,Dominican Republic,Altus aka Cao Artisan,U.S.A.
3.25,80.0, ,Bolivia,Altus aka Cao Artisan,U.S.A.
3.0,60.0, ,Bolivia,Altus aka Cao Artisan,U.S.A.
3.25,60.0, ,Peru,Altus aka Cao Artisan,U.S.A.
4.0,70.0, ,Papua New Guinea,Amano,U.S.A.
3.75,70.0, ,Dominican Republic,Amano,U.S.A.
4.0,70.0, ,Ecuador,Amano,U.S.A.
3.0,70.0,Trinitario,Venezuela,Amano,U.S.A.
3.0,70.0, ,Venezuela,Amano,U.S.A.
2.75,70.0, ,Indonesia,Amano,U.S.A.
3.5,70.0,Trinitario,Madagascar,Amano,U.S.A.
3.0,70.0, ,Venezuela,Amano,U.S.A.
3.75,70.0,Criollo,Venezuela,Amano,U.S.A.
3.0,70.0,Forastero,Ghana,Amatller (Simon Coll),Spain
2.75,70.0, ,Ecuador,Amatller (Simon Coll),Spain
2.75,85.0, ,Ecuador,Amatller (Simon Coll),Spain
3.0,85.0,Forastero,Ghana,Amatller (Simon Coll),Spain
3.25,72.0, ,Peru,Amazona,Peru
3.5,73.0,Trinitario,Peru,Amazona,Peru
3.0,64.0,Trinitario,Belize,Ambrosia,Canada
3.25,66.0,Trinitario,Madagascar,Ambrosia,Canada
3.25,75.0, ,Dominican Republic,Ambrosia,Canada
3.25,63.0, ,Papua New Guinea,Ambrosia,Canada
3.25,70.0, ,Venezuela,Ambrosia,Canada
3.5,68.0, ,Peru,Ambrosia,Canada
3.75,70.0, ,Peru,Amedei,Italy
4.0,70.0,Criollo,Venezuela,Amedei,Italy
5.0,70.0,Trinitario,Venezuela,Amedei,Italy
3.0,70.0,Trinitario,Ecuador,Amedei,Italy
3.0,70.0,Trinitario,Jamaica,Amedei,Italy
3.5,70.0,Trinitario,Grenada,Amedei,Italy
3.75,70.0,Criollo,Venezuela,Amedei,Italy
4.0,70.0,Criollo,Madagascar,Amedei,Italy
3.5,70.0,Trinitario,Trinidad,Amedei,Italy
3.25,75.0,Forastero,Brazil,AMMA,Brazil
2.75,85.0,Forastero,Brazil,AMMA,Brazil
3.75,50.0,Forastero,Brazil,AMMA,Brazil
3.75,75.0,Forastero,Brazil,AMMA,Brazil
4.0,60.0,Forastero,Brazil,AMMA,Brazil
3.0,75.0, ,Dominican Republic,Anahata,U.S.A.
3.5,75.0, ,Bolivia,Animas,U.S.A.
3.0,75.0,Trinitario,Madagascar,Ara,France
2.5,72.0, ,Mexico,Ara,France
2.75,75.0, ,Ecuador,Ara,France
3.0,75.0, ,Venezuela,Ara,France
3.5,70.0,Trinitario,Trinidad,Arete,U.S.A.
3.75,70.0, ,Tanzania,Arete,U.S.A.
3.5,73.0,Trinitario,Vietnam,Arete,U.S.A.
3.25,70.0, ,Ecuador,Arete,U.S.A.
3.25,70.0, ,Ecuador,Arete,U.S.A.
3.5,70.0, ,Guatemala,Arete,U.S.A.
3.75,70.0, ,Nicaragua,Arete,U.S.A.
3.5,70.0, ,Honduras,Arete,U.S.A.
4.0,70.0, ,Costa Rica,Arete,U.S.A.
4.0,70.0,Forastero,Peru,Arete,U.S.A.
3.75,70.0, ,Dominican Republic,Arete,U.S.A.
3.25,70.0, ,Fiji,Arete,U.S.A.
3.25,73.0, ,Vietnam,Arete,U.S.A.
3.5,70.0, ,Brazil,Arete,U.S.A.
3.5,68.0,Forastero,Peru,Arete,U.S.A.
3.75,70.0,Forastero,Ecuador,Arete,U.S.A.
3.5,70.0, ,Domincan Republic,Arete,U.S.A.
3.75,70.0,Trinitario,Belize,Arete,U.S.A.
4.0,70.0,Criollo,Nicaragua,Arete,U.S.A.
2.75,75.0, ,Brazil,Arete,U.S.A.
3.25,70.0, ,Guatemala,Arete,U.S.A.
3.5,75.0, ,Ecuador,Arete,U.S.A.
3.25,72.0,Trinitario,Trinidad,Artisan du Chocolat,U.K.
3.75,72.0, ,Colombia,Artisan du Chocolat,U.K.
4.0,72.0, ,Haiti,Artisan du Chocolat,U.K.
2.75,72.0, ,Panama,Artisan du Chocolat,U.K.
1.75,100.0, ,Venezuela,Artisan du Chocolat,U.K.
3.75,72.0,Trinitario,Jamaica,Artisan du Chocolat,U.K.
3.25,72.0, ,Costa Rica,Artisan du Chocolat,U.K.
3.25,72.0,Trinitario,Vietnam,Artisan du Chocolat,U.K.
3.5,72.0, ,Indonesia,Artisan du Chocolat,U.K.
2.5,75.0,Criollo,Venezuela,Artisan du Chocolat,U.K.
2.75,72.0,Trinitario,Indonesia,Artisan du Chocolat,U.K.
1.75,72.0, ,Brazil,Artisan du Chocolat,U.K.
3.0,80.0,Criollo,Madagascar,Artisan du Chocolat,U.K.
3.0,75.0,Criollo,Peru,Artisan du Chocolat,U.K.
3.25,72.0,Trinitario,Dominican Republic,Artisan du Chocolat,U.K.
3.75,72.0,Forastero,Congo,Artisan du Chocolat,U.K.
2.75,72.0,Trinitario,Colombia,Artisan du Chocolat (Casa Luker),U.K.
3.75,68.0,Trinitario,Tanzania,Askinosie,U.S.A.
3.75,72.0,Trinitario,Tanzania,Askinosie,U.S.A.
3.75,70.0,Trinitario,Honduras,Askinosie,U.S.A.
3.75,77.0,Trinitario,Philippines,Askinosie,U.S.A.
2.5,75.0,Trinitario,Mexico,Askinosie,U.S.A.
3.0,70.0,Forastero,Ecuador,Askinosie,U.S.A.
3.5,70.0, ,Papua New Guinea,Bahen & Co.,Australia
3.0,70.0,Trinitario,Madagascar,Bahen & Co.,Australia
2.5,70.0, ,Brazil,Bahen & Co.,Australia
2.75,70.0, ,Peru,Bakau,Peru
3.5,70.0, ,Peru,Bakau,Peru
3.5,70.0, ,Brazil,Bar Au Chocolat,U.S.A.
4.0,70.0,Forastero,Peru,Bar Au Chocolat,U.S.A.
3.25,70.0, ,Dominican Republic,Bar Au Chocolat,U.S.A.
3.5,70.0, ,Mexico,Bar Au Chocolat,U.S.A.
3.75,70.0,Trinitario,Madagascar,Bar Au Chocolat,U.S.A.
2.75,80.0, ,Costa Rica,Baravelli's,Wales
3.5,65.0, ,Domincan Republic,Batch,U.S.A.
3.75,70.0, ,Brazil,Batch,U.S.A.
3.25,65.0, ,Ecuador,Batch,U.S.A.
3.0,73.0, ,Malaysia,Beau Cacao,U.K.
3.25,72.0, ,Malaysia,Beau Cacao,U.K.
2.75,80.0, ,Brazil,Beehive,U.S.A.
2.75,70.0, ,Domincan Republic,Beehive,U.S.A.
2.75,70.0, ,Ecuador,Beehive,U.S.A.
2.75,90.0, ,Ecuador,Beehive,U.S.A.
2.75,64.0, ,Costa Rica,Belcolade,Belgium
2.75,64.0, ,Papua New Guinea,Belcolade,Belgium
2.75,64.0, ,Peru,Belcolade,Belgium
3.5,71.0, ,Ecuador,Belcolade,Belgium
3.5,70.0,Criollo,Tanzania,Bellflower,U.S.A.
3.25,70.0, ,Bolivia,Bellflower,U.S.A.
3.5,70.0, ,Domincan Republic,Bellflower,U.S.A.
2.75,83.0,Trinitario,Belize,Belyzium,Germany
3.0,78.0,Trinitario,Belize,Belyzium,Germany
3.5,83.0,Trinitario,Belize,Belyzium,Germany
3.5,74.0,Trinitario,Cuba,Benoit Nihant,Belgium
3.5,74.0,Criollo,Venezuela,Benoit Nihant,Belgium
3.5,74.0,Criollo,Venezuela,Benoit Nihant,Belgium
4.0,73.0,Trinitario,Ecuador,Benoit Nihant,Belgium
4.0,72.0,Trinitario,Indonesia,Benoit Nihant,Belgium
3.75,72.0,Trinitario,Madagascar,Benoit Nihant,Belgium
3.0,64.0,Trinitario,Madagascar,Beschle (Felchlin),Switzerland
3.0,88.0,Criollo,Venezuela,Beschle (Felchlin),Switzerland
3.5,72.0, ,Venezuela,Beschle (Felchlin),Switzerland
4.0,72.0, ,Ecuador,Beschle (Felchlin),Switzerland
3.25,70.0,Trinitario,Venezuela,Beschle (Felchlin),Switzerland
3.25,74.0,Criollo,Venezuela,Beschle (Felchlin),Switzerland
3.5,64.0, ,Indonesia,Beschle (Felchlin),Switzerland
3.5,72.0, ,Venezuela,Beschle (Felchlin),Switzerland
2.5,76.0, ,Nicaragua,Bisou,U.S.A.
2.5,76.0, ,Costa Rica,Bisou,U.S.A.
2.5,78.0, ,Costa Rica,Bisou,U.S.A.
3.25,86.0,Trinitario,Belize,Bisou,U.S.A.
3.5,72.0,Forastero,Ghana,Bittersweet Origins,U.S.A.
3.25,75.0, ,Indonesia,Bittersweet Origins,U.S.A.
3.75,70.0,Blend,"Dominican Rep., Bali",Bittersweet Origins,U.S.A.
2.75,65.0, ,Indonesia,Bittersweet Origins,U.S.A.
3.0,70.0,Trinitario,Madagascar,Bittersweet Origins,U.S.A.
3.0,78.0,Criollo,Venezuela,Bittersweet Origins,U.S.A.
3.0,75.0, ,Dominican Republic,Bittersweet Origins,U.S.A.
3.5,65.0, ,Dominican Republic,Bittersweet Origins,U.S.A.
3.25,75.0,Trinitario,Madagascar,Bittersweet Origins,U.S.A.
3.5,65.0,Trinitario,Madagascar,Bittersweet Origins,U.S.A.
3.0,71.0,Trinitario,Madagascar,Bittersweet Origins,U.S.A.
3.5,75.0, ,Panama,Bittersweet Origins,U.S.A.
3.75,68.0, ,Dominican Republic,Bittersweet Origins,U.S.A.
3.0,70.0,Forastero,Ghana,Bittersweet Origins,U.S.A.
2.75,70.0, ,Dominican Republic,Black Mountain,U.S.A.
2.75,70.0,Trinitario,Venezuela,Black Mountain,U.S.A.
3.0,70.0, ,Nicaragua,Black Mountain,U.S.A.
2.75,70.0,Trinitario,Jamaica,Black River (A. Morin),U.K.
3.5,82.0,Forastero,Congo,Blanxart,Spain
3.5,82.0,Trinitario,Madagascar,Blue Bandana,U.S.A.
2.75,75.0, ,Guatemala,Blue Bandana,U.S.A.
3.5,75.0, ,Tanzania,Blue Bandana,U.S.A.
3.0,75.0, ,Dominican Republic,Blue Bandana,U.S.A.
3.5,70.0, ,Guatemala,Blue Bandana,U.S.A.
3.75,70.0,Trinitario,Madagascar,Blue Bandana,U.S.A.
3.5,75.0, ,Mexico,Bonnat,France
4.0,75.0, ,Brazil,Bonnat,France
3.25,75.0, ,Dominican Republic,Bonnat,France
3.75,65.0, ,"Venez,Africa,Brasil,Peru,Mex",Bonnat,France
3.5,75.0, ,Brazil,Bonnat,France
3.25,75.0, ,Gabon,Bonnat,France
3.5,75.0,Trinitario,Cuba,Bonnat,France
3.5,75.0, ,Peru,Bonnat,France
3.5,75.0,Forastero,Peru,Bonnat,France
3.75,75.0, ,Brazil,Bonnat,France
4.0,75.0, ,Haiti,Bonnat,France
4.0,75.0,Criollo,Madagascar,Bonnat,France
3.5,75.0, ,Brazil,Bonnat,France
3.25,75.0,Trinitario,Jamaica,Bonnat,France
3.0,75.0, ,Ivory Coast,Bonnat,France
2.75,75.0,Criollo,Peru,Bonnat,France
3.0,75.0,Criollo,Mexico,Bonnat,France
3.0,75.0,Criollo,Mexico,Bonnat,France
4.0,75.0,Criollo,Venezuela,Bonnat,France
2.5,75.0,Forastero,Ecuador,Bonnat,France
3.75,75.0,Trinitario,Carribean,Bonnat,France
4.0,75.0, ,Venezuela,Bonnat,France
4.0,75.0,Criollo,Venezuela,Bonnat,France
4.0,75.0,Trinitario,Madagascar,Bonnat,France
3.0,75.0, ,Sri Lanka,Bonnat,France
4.0,75.0,Trinitario,Venezuela,Bonnat,France
3.25,77.0,Forastero,Ecuador,Bouga Cacao (Tulicorp),Ecuador
1.5,100.0,Forastero,Ecuador,Bouga Cacao (Tulicorp),Ecuador
2.75,70.0,Trinitario,Belize,Bowler Man,U.S.A.
2.75,70.0, ,Dominican Republic,Bowler Man,U.S.A.
3.5,70.0,Criollo,Venezuela,Brasstown aka It's Chocolate,U.S.A.
3.75,70.0, ,Nicaragua,Brasstown aka It's Chocolate,U.S.A.
3.75,68.0, ,Dominican Republic,Brasstown aka It's Chocolate,U.S.A.
3.75,70.0,Trinitario,Belize,Brasstown aka It's Chocolate,U.S.A.
4.0,70.0,Trinitario,Venezuela,Brasstown aka It's Chocolate,U.S.A.
3.0,72.0,Trinitario,Dominican Republic,Brasstown aka It's Chocolate,U.S.A.
3.25,70.0, ,Ecuador,Brasstown aka It's Chocolate,U.S.A.
3.5,75.0,Forastero,Ghana,Brasstown aka It's Chocolate,U.S.A.
3.5,85.0,Trinitario,Venezuela,Brasstown aka It's Chocolate,U.S.A.
3.0,60.0, ,Dominican Republic,Brazen,U.S.A.
3.25,80.0, ,Dominican Republic,Brazen,U.S.A.
3.5,70.0, ,Guatemala,Brazen,U.S.A.
2.75,80.0, ,Madagascar,Brazen,U.S.A.
3.25,80.0,Trinitario,Belize,Brazen,U.S.A.
3.25,60.0, ,Madagascar,Brazen,U.S.A.
3.0,70.0,Trinitario,Jamaica,Breeze Mill,U.S.A.
3.0,72.0,Trinitario,Madagascar,Bright,Australia
3.5,70.0, ,Dominican Republic,Bright,Australia
3.5,72.0, ,Ecuador,Bright,Australia
2.75,68.0,Trinitario,Trinidad,Bright,Australia
3.25,70.0, ,Ecuador,Britarev,Russia
2.75,68.0, ,Dominican Republic,Bronx Grrl Chocolate,U.S.A.
3.25,72.0,Trinitario,Trinidad,Burnt Fork Bend,U.S.A.
3.5,72.0, ,Ecuador,Burnt Fork Bend,U.S.A.
3.25,72.0,Trinitario,Belize,Burnt Fork Bend,U.S.A.
2.5,60.0, ,Ecuador,Burnt Fork Bend,U.S.A.
2.5,70.0, ,Puerto Rico,Cacao Arabuco,Puerto Rico
2.5,75.0,Criollo,Peru,Cacao Atlanta,U.S.A.
2.5,75.0, ,Dominican Republic,Cacao Atlanta,U.S.A.
2.75,75.0, ,Dominican Republic,Cacao Atlanta,U.S.A.
2.25,75.0, ,Venezuela,Cacao Atlanta,U.S.A.
3.5,65.0,Criollo,Haiti,Cacao Barry,France
3.0,70.0, ,Dominican Republic,Cacao Barry,France
2.0,75.0, ,Tanzania,Cacao Barry,France
2.0,72.0, ,Venezuela,Cacao Barry,France
3.0,66.0, ,Mexico,Cacao Barry,France
3.5,77.0,Trinitario,Venezuela,Cacao de Origen,Venezuela
3.25,75.0,Trinitario,Venezuela,Cacao de Origen,Venezuela
2.5,75.0, ,Venezuela,Cacao de Origen,Venezuela
3.25,74.0, ,Venezuela,Cacao de Origen,Venezuela
3.5,75.0,Trinitario,Venezuela,Cacao de Origen,Venezuela
3.75,70.0,Trinitario,Venezuela,Cacao de Origen,Venezuela
3.25,74.0, ,Venezuela,Cacao de Origin,Venezuela
3.75,71.0, ,Colombia,Cacao Hunters,Colombia
3.75,74.0, ,Colombia,Cacao Hunters,Colombia
3.75,72.0, ,Colombia,Cacao Hunters,Colombia
3.5,64.0, ,Colombia,Cacao Hunters,Colombia
3.5,70.0, ,Colombia,Cacao Hunters,Colombia
2.75,69.0, ,Colombia,Cacao Hunters,Colombia
3.25,70.0, ,Colombia,Cacao Hunters,Colombia
3.5,70.0,Trinitario,Honduras,Cacao Market,U.S.A.
3.75,72.0,Criollo,Dominican Republic,Cacao Prieto,U.S.A.
3.0,72.0, ,Dominican Republic,Cacao Prieto,U.S.A.
3.75,66.0, ,Dominican Republic,Cacao Prieto,U.S.A.
3.25,65.0, ,Dominican Republic,Cacao Prieto,U.S.A.
3.5,70.0,Criollo,Congo,Cacao Sampaka,Spain
3.5,71.0,Trinitario,Madagascar,Cacao Sampaka,Spain
3.75,71.0, ,Ecuador,Cacao Sampaka,Spain
4.0,71.0, ,Papua New Guinea,Cacao Sampaka,Spain
3.25,71.0,Trinitario,Grenada,Cacao Sampaka,Spain
3.5,71.0, ,Venezuela,Cacao Sampaka,Spain
3.5,77.0, ,Venezuela,Cacao Sampaka,Spain
4.0,70.0,Criollo,Mexico,Cacao Sampaka,Spain
4.0,70.0,Criollo,Mexico,Cacao Sampaka,Spain
3.0,70.0,Trinitario,Madagascar,Cacao Store,Japan
3.25,70.0, ,Peru,Cacao Store,Japan
3.5,70.0,Trinitario,Vietnam,Cacao Store,Japan
3.25,70.0, ,Peru,Cacaosuyo (Theobroma Inversiones),Peru
3.5,63.0,Forastero,Ecuador,Cacaoyere (Ecuatoriana),Ecuador
3.5,71.0,Forastero,Ecuador,Cacaoyere (Ecuatoriana),Ecuador
2.5,82.0,Forastero,Ecuador,Cacaoyere (Ecuatoriana),Ecuador
1.5,91.0,Forastero,Ecuador,Cacaoyere (Ecuatoriana),Ecuador
2.75,60.0,Trinitario,Grenada,Callebaut,Belgium
1.0,70.0, ,Ecuador,Callebaut,Belgium
2.5,75.0, ,Cuba,C-Amaro,Italy
3.0,72.0, ,Dominican Republic,C-Amaro,Italy
3.5,100.0, ,Ecuador,C-Amaro,Italy
3.0,80.0, ,Venezuela,C-Amaro,Italy
2.25,78.0,Forastero,Sao Tome,C-Amaro,Italy
2.5,70.0,Trinitario,Trinidad,C-Amaro,Italy
2.5,75.0,Criollo,Venezuela,Cao,U.S.A.
2.75,73.0, ,Tanzania,Cao,U.S.A.
3.0,70.0,Criollo,Venezuela,Cao,U.S.A.
3.0,75.0, ,Bolivia,Cao,U.S.A.
3.25,70.0,Trinitario,Brazil,Cao,U.S.A.
2.0,77.0,Forastero,Ecuador,Caoni (Tulicorp),Ecuador
2.5,77.0,Forastero,Ecuador,Caoni (Tulicorp),Ecuador
2.75,77.0,Forastero,Ecuador,Caoni (Tulicorp),Ecuador
3.0,55.0,Forastero,Ecuador,Caoni (Tulicorp),Ecuador
3.25,55.0,Forastero,Ecuador,Caoni (Tulicorp),Ecuador
3.5,55.0,Forastero,Ecuador,Caoni (Tulicorp),Ecuador
3.5,70.0,Trinitario,Papua New Guinea,Captain Pembleton,New Zealand
3.75,70.0, ,Papua New Guinea,Captain Pembleton,New Zealand
3.5,72.0, ,Guatemala,Caribeans,Costa Rica
3.25,72.0, ,Costa Rica,Caribeans,Costa Rica
3.5,72.0, ,Costa Rica,Caribeans,Costa Rica
3.0,72.0,Forastero,Costa Rica,Caribeans,Costa Rica
2.75,80.0,Forastero,Costa Rica,Caribeans,Costa Rica
3.0,65.0,Trinitario,Colombia,Carlotta Chocolat,Colombia
3.25,65.0,Trinitario,Colombia,Carlotta Chocolat,Colombia
3.25,65.0,Trinitario,Colombia,Carlotta Chocolat,Colombia
3.5,65.0,Trinitario,Colombia,Carlotta Chocolat,Colombia
3.5,65.0,CCN51,Colombia,Carlotta Chocolat,Colombia
4.0,72.0,Trinitario,Belize,Castronovo,U.S.A.
3.5,72.0,Trinitario,Honduras,Castronovo,U.S.A.
3.75,70.0,Criollo,Domincan Republic,Castronovo,U.S.A.
3.5,72.0, ,Venezuela,Castronovo,U.S.A.
3.5,72.0,Criollo,Colombia,Castronovo,U.S.A.
3.5,76.0,Criollo,Colombia,Castronovo,U.S.A.
2.75,70.0,Trinitario,Dominican Republic,Castronovo,U.S.A.
3.0,70.0,Trinitario,Bolivia,Castronovo,U.S.A.
3.5,73.0,Trinitario,Dominican Republic,Castronovo,U.S.A.
2.5,70.0,Criollo,Peru,Castronovo,U.S.A.
3.25,70.0, ,Venezuela,Castronovo,U.S.A.
3.25,72.0,Trinitario,Nicaragua,Castronovo,U.S.A.
2.75,70.0,Criollo,Peru,Castronovo,U.S.A.
3.0,72.0, ,Venezuela,Castronovo,U.S.A.
2.5,70.0, ,Ecuador,Cello,U.S.A.
2.75,70.0, ,Peru,Cello,U.S.A.
2.75,70.0, ,Venezuela,Cello,U.S.A.
3.0,70.0, ,Bolivia,Cello,U.S.A.
2.75,72.0, ,Ecuador,Cemoi,France
2.75,70.0,Forastero,Uganda,Chaleur B,Canada
3.25,70.0, ,Belize,Charm School,U.S.A.
2.75,55.0,Forastero,Ecuador,Chchukululu (Tulicorp),Ecuador
3.0,75.0,Forastero,Ecuador,Chchukululu (Tulicorp),Ecuador
3.5,70.0, ,Costa Rica,Chequessett,U.S.A.
3.25,70.0, ,Ecuador,Chocablog,U.K.
3.0,75.0,Trinitario,Belize,Choco Del Sol,Germany
3.25,82.0,Trinitario,Belize,Choco Del Sol,Germany
2.75,70.0,Trinitario,Vietnam,Choco Dong,South Korea
3.5,70.0,Trinitario,Malaysia,Choco Dong,South Korea
2.5,65.0,Criollo,Peru,Chocolarder,U.K.
2.75,65.0,Criollo,Peru,Chocolarder,U.K.
2.5,80.0, ,Dominican Republic,Chocolarder,U.K.
3.75,70.0,Trinitario,Madagascar,Chocola'te,U.S.A.
3.75,68.0, ,Venezuela,Chocola'te,U.S.A.
2.5,90.0, ,Peru,Chocolate Alchemist-Philly,U.S.A.
2.5,70.0, ,Bolivia,Chocolate Con Amor,U.S.A.
2.75,70.0, ,Uganda,Chocolate Con Amor,U.S.A.
3.0,60.0, ,Dominican Republic,Chocolate Con Amor,U.S.A.
3.0,75.0, ,Dominican Republic,Chocolate Con Amor,U.S.A.
3.0,80.0,Criollo,Venezuela,Chocolate Con Amor,U.S.A.
3.25,70.0, ,Ecuador,Chocolate Con Amor,U.S.A.
2.75,80.0, ,Nicaragua,Chocolate Con Amor,U.S.A.
2.75,74.0, ,Peru,Chocolate Conspiracy,U.S.A.
3.25,75.0,Trinitario,Dominican Republic,Chocolate Makers,Amsterdam
3.5,68.0,Forastero,Congo,Chocolate Makers,Amsterdam
3.75,80.0,Criollo,Peru,Chocolate Makers,Amsterdam
3.75,69.0,Forastero,Peru,"Chocolate Tree, The",Scotland
3.75,80.0,Trinitario,Venezuela,"Chocolate Tree, The",Scotland
3.75,70.0,Forastero,Peru,"Chocolate Tree, The",Scotland
2.5,82.0,Forastero,Ecuador,"Chocolate Tree, The",Scotland
2.75,68.0,Criollo,Peru,"Chocolate Tree, The",Scotland
3.25,72.0,Criollo,Madagascar,"Chocolate Tree, The",Scotland
2.5,70.0,Criollo,Mexico,Chocolats Privilege,Canada
3.0,77.0,Criollo,Venezuela,ChocoReko,Japan
3.25,65.0, ,Mexico,Chocosol,Canada
3.25,71.0,Criollo,Mexico,Chocovic,Spain
3.5,71.0,Trinitario,Madagascar,Chocovic,Spain
3.5,71.0,Criollo,Venezuela,Chocovic,Spain
2.5,71.0,Forastero,Ecuador,Chocovic,Spain
2.5,71.0,Trinitario,Grenada,Chocovic,Spain
2.5,65.0,Trinitario,Mexico,Chocovivo,U.S.A.
2.5,75.0,Trinitario,Mexico,Chocovivo,U.S.A.
2.5,80.0,Criollo,Venezuela,Choklat,Canada
2.75,70.0,Criollo,Mexico,Choklat,Canada
3.0,70.0, ,Brazil,Choklat,Canada
3.0,80.0, ,Brazil,Choklat,Canada
3.0,70.0,Criollo,Venezuela,Choklat,Canada
2.75,42.0, ,Martinique,Chokolat Elot (Girard),Martinique
3.25,75.0, ,Mexico,Choocsol,Canada
3.75,68.0,Forastero,Peru,Christopher Morel (Felchlin),Canada
3.0,61.0,Criollo,Venezuela,Chuao Chocolatier,U.S.A.
2.75,77.0,Trinitario,Venezuela,Chuao Chocolatier (Pralus),U.S.A.
3.75,73.5,Forastero,Sao Tome & Principe,Claudio Corallo,Sao Tome
3.0,80.0,Forastero,Sao Tome & Principe,Claudio Corallo,Sao Tome
4.0,75.0,Forastero,Sao Tome & Principe,Claudio Corallo,Sao Tome
1.0,100.0,Forastero,Sao Tome & Principe,Claudio Corallo,Sao Tome
3.5,73.0, ,Ecuador,Cloudforest,U.S.A.
3.0,75.0,Trinitario,Madagascar,Coleman & Davis,U.S.A.
3.25,70.0, ,Venezuela,Compania de Chocolate (Salgado),Argentina
2.75,80.0,Trinitario,Venezuela,Compania de Chocolate (Salgado),Argentina
3.25,72.0, ,Bolivia,Compania de Chocolate (Salgado),Argentina
3.75,70.0,Criollo,Venezuela,Compania de Chocolate (Salgado),Argentina
2.75,88.0,Forastero,Ecuador,Compania de Chocolate (Salgado),Argentina
3.5,76.0, ,Ecuador,Condor,U.S.A.
2.75,78.0,Trinitario,Vietnam,Confluence,U.S.A.
3.25,65.0,Forastero,Ecuador,Coppeneur,Germany
3.5,85.0,Forastero,Ghana,Coppeneur,Germany
1.5,100.0, ,Ecuador,Coppeneur,Germany
3.75,72.0,Forastero,Sao Tome & Principe,Coppeneur,Germany
3.5,70.0,Trinitario,Madagascar,Coppeneur,Germany
3.25,72.0,Trinitario,Grenada,Coppeneur,Germany
3.0,70.0,Trinitario,Venezuela,Coppeneur,Germany
2.5,72.0,Nacional,Ecuador,Coppeneur,Germany
3.0,72.0,Trinitario,Trinidad,Coppeneur,Germany
3.25,72.0,Trinitario,Jamaica,Coppeneur,Germany
3.25,72.0,Criollo,Venezuela,Coppeneur,Germany
3.0,72.0,Criollo,Peru,Coppeneur,Germany
3.25,62.0,Criollo,Peru,Coppeneur,Germany
3.5,70.0,Criollo,Venezuela,Coppeneur,Germany
3.75,70.0,Criollo,Venezuela,Coppeneur,Germany
3.0,72.0,Criollo,Mexico,Coppeneur,Germany
3.0,72.0,Criollo,Venezuela,Coppeneur,Germany
3.0,72.0,Trinitario,Madagascar,Coppeneur,Germany
2.5,70.0,Forastero,Papua New Guinea,Cravve,Australia
2.75,83.0,Trinitario,Vanuatu,Cravve,Australia
3.25,75.0,Forastero,Tanzania,Cravve,Australia
3.25,65.0,Trinitario,Brazil,Cravve,Australia
3.25,67.0,Trinitario,Fiji,Cravve,Australia
3.25,64.0,Trinitario,Vanuatu,Cravve,Australia
3.5,75.0,Forastero,Papua New Guinea,Cravve,Australia
3.25,85.0,Forastero,Ecuador,Creo,U.S.A.
3.75,73.0,Forastero,Ecuador,Creo,U.S.A.
2.75,70.0, ,Australia,Daintree,Australia
3.25,70.0, ,Australia,Daintree,Australia
2.75,72.0, ,Dominican Republic,Dalloway,U.S.A.
3.0,70.0,Trinitario,Trinidad,Damson,U.K.
3.5,70.0, ,Ecuador,Damson,U.K.
2.25,70.0, ,Grenada,Damson,U.K.
2.75,70.0, ,Nicaragua,Damson,U.K.
3.0,70.0,Trinitario,Belize,Dandelion,U.S.A.
3.5,70.0,Trinitario,Belize,Dandelion,U.S.A.
3.5,70.0, ,Ecuador,Dandelion,U.S.A.
2.75,70.0, ,Liberia,Dandelion,U.S.A.
3.75,70.0, ,Dominican Republic,Dandelion,U.S.A.
2.75,70.0, ,Venezuela,Dandelion,U.S.A.
3.25,70.0, ,Venezuela,Dandelion,U.S.A.
3.5,70.0, ,Venezuela,Dandelion,U.S.A.
3.5,70.0, ,Papua New Guinea,Dandelion,U.S.A.
3.0,70.0, ,Costa Rica,Dandelion,U.S.A.
3.25,70.0, ,Colombia,Dandelion,U.S.A.
3.75,70.0, ,Dominican Republic,Dandelion,U.S.A.
3.25,70.0, ,Dominican Republic,Dandelion,U.S.A.
3.25,70.0,Trinitario,Madagascar,Dandelion,U.S.A.
3.25,70.0, ,Tanzania,Dandelion,U.S.A.
3.25,82.0, ,Guatemala,Danta,Guatemala
3.0,75.0,Trinitario,Venezuela,Danta,Guatemala
3.75,70.0, ,Guatemala,Danta,Guatemala
3.75,70.0,Trinitario,Madagascar,Danta,Guatemala
4.0,70.0,Criollo,Guatemala,Danta,Guatemala
3.25,70.0, ,Guatemala,Danta,Guatemala
3.5,60.0, ,Guatemala,Danta,Guatemala
3.0,75.0,Criollo,Guatemala,Danta,Guatemala
3.25,60.0,Criollo,Guatemala,Danta,Guatemala
2.75,72.0, ,Venezuela,DAR,U.S.A.
3.0,72.0,Trinitario,Vietnam,DAR,U.S.A.
3.25,70.0, ,"Ecuador, Costa Rica",DAR,U.S.A.
3.25,75.0, ,Bolivia,Dark Forest,U.S.A.
3.0,70.0,Trinitario,Madagascar,Dark Forest,U.S.A.
3.25,70.0, ,Venezuela,Dark Forest,U.S.A.
3.0,70.0, ,Tanzania,Dark Forest,U.S.A.
3.25,70.0, ,Ecuador,Dark Forest,U.S.A.
2.5,70.0,Forastero,Ghana,Davis,U.S.A.
2.75,70.0, ,Dominican Republic,Davis,U.S.A.
2.75,70.0, ,Venezuela,Davis,U.S.A.
3.25,58.0,Forastero,West Africa,Davis,U.S.A.
3.5,72.0, ,Brazil,De Mendes,Brazil
3.5,65.0, ,Brazil,De Mendes,Brazil
2.5,70.0,Forastero,Uganda,De Villiers,South Africa
3.0,70.0, ,Madagascar,De Villiers,South Africa
2.5,66.0,Trinitario,Madagascar,Dean and Deluca (Belcolade),U.S.A.
3.0,64.0, ,Costa Rica,Dean and Deluca (Belcolade),U.S.A.
3.0,71.0, ,Ecuador,Dean and Deluca (Belcolade),U.S.A.
3.0,60.0,Forastero,Ghana,Dean and Deluca (Belcolade),U.S.A.
3.0,64.0, ,Papua New Guinea,Dean and Deluca (Belcolade),U.S.A.
3.0,64.0, ,Peru,Dean and Deluca (Belcolade),U.S.A.
3.0,64.0, ,Papua New Guinea,Debauve & Gallais (Michel Cluizel),France
3.75,66.0, ,Venezuela,Debauve & Gallais (Michel Cluizel),France
2.5,72.0, ,Tanzania,Desbarres,Canada
2.75,80.0, ,Bolivia,DeVries,U.S.A.
3.5,77.0,Trinitario,Costa Rica,DeVries,U.S.A.
3.5,77.0, ,Dominican Republic,DeVries,U.S.A.
3.75,70.0, ,Guatemala,Dick Taylor,U.S.A.
3.5,78.0,Trinitario,Vietnam,Dick Taylor,U.S.A.
3.75,70.0, ,Bolivia,Dick Taylor,U.S.A.
3.5,74.0, ,Dominican Republic,Dick Taylor,U.S.A.
3.25,70.0, ,Ecuador,Dick Taylor,U.S.A.
3.5,76.0, ,Ecuador,Dick Taylor,U.S.A.
2.75,75.0, ,Bolivia,Dick Taylor,U.S.A.
2.75,72.0,Trinitario,Belize,Dick Taylor,U.S.A.
2.75,80.0,Trinitario,Madagascar,Dick Taylor,U.S.A.
3.0,72.0,Trinitario,Madagascar,Dick Taylor,U.S.A.
2.75,75.0,Criollo,Venezuela,Dick Taylor,U.S.A.
3.0,74.0, ,Dominican Republic,Dick Taylor,U.S.A.
3.25,70.0, ,Ecuador,Dick Taylor,U.S.A.
3.0,85.0, ,Venezuela,Doble & Bignall,U.K.
3.25,72.0, ,Panama,Doble & Bignall,U.K.
3.25,72.0,Trinitario,Venezuela,Doble & Bignall,U.K.
3.5,72.0,Criollo,Nicaragua,Doble & Bignall,U.K.
3.75,70.0, ,Hawaii,Dole (Guittard),U.S.A.
3.0,88.0,Forastero,West Africa,Dolfin (Belcolade),Belgium
3.75,70.0, ,Ecuador,Domori,Italy
3.75,70.0,Criollo,Venezuela,Domori,Italy
3.0,100.0,Criollo,Venezuela,Domori,Italy
3.5,70.0, ,Tanzania,Domori,Italy
3.75,70.0,Criollo,Venezuela,Domori,Italy
3.5,70.0,Criollo,Venezuela,Domori,Italy
3.0,70.0,Trinitario,Venezuela,Domori,Italy
3.0,70.0,Trinitario,Venezuela,Domori,Italy
3.0,70.0, ,Colombia,Domori,Italy
4.0,70.0,Criollo,Venezuela,Domori,Italy
3.25,75.0,Criollo,Venezuela,Domori,Italy
3.25,60.0,Trinitario,Venezuela,Domori,Italy
3.5,70.0,Trinitario,Madagascar,Domori,Italy
3.5,70.0,Criollo,Madagascar,Domori,Italy
3.75,70.0,Criollo,Indonesia,Domori,Italy
4.0,70.0,Forastero,Ecuador,Domori,Italy
4.0,70.0,Criollo,Venezuela,Domori,Italy
3.0,70.0,Trinitario,Venezuela,Domori,Italy
3.25,70.0,Trinitario,Peru,Domori,Italy
3.5,70.0,Trinitario,Venezuela,Domori,Italy
2.75,75.0,Trinitario,Grenada,Dormouse,U.K.
2.5,70.0,Trinitario,Venezuela,Dormouse,U.K.
2.75,80.0,Criollo,Colombia,Dormouse,U.K.
2.75,77.0,Criollo,Madagascar,Dormouse,U.K.
4.0,70.0,Criollo,Guatemala,Duffy's,U.K.
3.5,70.0,Criollo,Nicaragua,Duffy's,U.K.
3.75,76.0,Criollo,Nicaragua,Duffy's,U.K.
3.75,72.0, ,Venezuela,Duffy's,U.K.
3.75,72.0,Criollo,Honduras,Duffy's,U.K.
3.5,65.0, ,Dominican Republic,Duffy's,U.K.
3.0,72.0, ,Panama,Duffy's,U.K.
3.25,71.0,Criollo,Nicaragua,Duffy's,U.K.
3.5,71.0, ,Venezuela,Duffy's,U.K.
3.5,70.0, ,Panama,Duffy's,U.K.
3.75,72.0, ,Ecuador,Duffy's,U.K.
2.5,70.0, ,Ecuador,Duffy's,U.K.
3.75,70.0, ,Peru,Duffy's,U.K.
3.25,70.0, ,Dominican Republic,Dulcinea,U.S.A.
2.75,82.0,Trinitario,Madagascar,Durand,France
3.5,70.0,Forastero,Peru,Durci,U.S.A.
3.5,70.0,Trinitario,Venezuela,Durci,U.S.A.
3.25,70.0, ,Domincan Republic,Durci,U.S.A.
3.25,70.0,Trinitario,Venezuela,Durci,U.S.A.
4.0,70.0, ,Ecuador,Durci,U.S.A.
3.25,70.0, ,Peru,East Van Roasters,Canada
3.5,70.0,Trinitario,Madagascar,East Van Roasters,Canada
3.75,70.0, ,Dominican Republic,East Van Roasters,Canada
3.25,70.0, ,Colombia,Eau de Rose,Canada
3.25,70.0, ,Colombia,Eau de Rose,Canada
2.75,72.0,Forastero,Peru,Eclat (Felchlin),U.S.A.
3.0,68.0,Criollo,Venezuela,Edelmond,Germany
3.75,75.0, ,Bolivia,El Ceibo,Bolivia
2.75,71.0, ,Bolivia,El Ceibo,Bolivia
3.75,70.0, ,Venezuela,El Rey,Venezuela
2.75,60.5,Trinitario,Venezuela,El Rey,Venezuela
3.0,70.0,Trinitario,Venezuela,El Rey,Venezuela
2.5,74.0,Criollo,Venezuela,El Rey,Venezuela
2.5,58.0,Criollo,Venezuela,El Rey,Venezuela
3.0,61.0,Criollo,Venezuela,El Rey,Venezuela
2.75,70.0,Criollo,Venezuela,El Rey,Venezuela
2.75,60.0, ,St. Lucia,Emerald Estate,St. Lucia
3.25,70.0, ,St. Lucia,Emerald Estate,St. Lucia
3.0,79.0, ,Venezuela,Emily's,Japan
3.5,78.0,Criollo,Peru,Emily's,Japan
3.25,75.0, ,Honduras,ENNA,U.S.A.
3.25,80.0,Forastero,Sao Tome & Principe,Enric Rovira (Claudio Corallo),Spain
3.25,70.0,Trinitario,Vietnam,Erithaj (A. Morin),France
3.0,80.0,Trinitario,Vietnam,Erithaj (A. Morin),France
3.25,74.0,Trinitario,Vietnam,Erithaj (A. Morin),France
2.75,70.0,Trinitario,Venezuela,Escazu,U.S.A.
2.0,65.0, ,Costa Rica,Escazu,U.S.A.
3.5,81.0,Criollo,Venezuela,Escazu,U.S.A.
2.75,74.0, ,"Cost Rica, Ven",Escazu,U.S.A.
3.0,72.0,Criollo,Venezuela,Escazu,U.S.A.
2.5,55.0, ,"Peru, Madagascar",Ethel's Artisan (Mars),U.S.A.
2.5,55.0,Trinitario,Trinidad,Ethel's Artisan (Mars),U.S.A.
2.5,70.0,Criollo,Venezuela,Ethel's Artisan (Mars),U.S.A.
2.5,62.0, ,"Venezuela, Trinidad",Ethel's Artisan (Mars),U.S.A.
3.0,80.0,Trinitario,Belize,Ethereal,U.S.A.
3.5,80.0, ,Ecuador,Ethereal,U.S.A.
3.75,80.0, ,Dominican Republic,Ethereal,U.S.A.
2.75,75.0, ,Brazil,Fearless (AMMA),U.S.A.
3.0,76.0, ,Jamaica,Feitoria Cacao,Portugal
2.5,76.0, ,Venezuela,Feitoria Cacao,Portugal
2.75,76.0,Trinitario,Belize,Feitoria Cacao,Portugal
3.5,58.0,Trinitario,Grenada,Felchlin,Switzerland
3.0,74.0,Criollo,Dominican Republic,Felchlin,Switzerland
3.0,64.0,Criollo,Madagascar,Felchlin,Switzerland
3.0,65.0,Criollo,Venezuela,Felchlin,Switzerland
3.5,72.0,Forastero,Ecuador,Felchlin,Switzerland
4.0,68.0,Criollo,Bolivia,Felchlin,Switzerland
2.25,65.0, ,Puerto Rico,Finca,U.S.A.
3.0,80.0, ,Dominican Republic,Finca,U.S.A.
3.25,70.0, ,Dominican Republic,Finca,U.S.A.
2.5,85.0, ,Dominican Republic,Finca,U.S.A.
2.75,72.0,Criollo,Peru,Forever Cacao,U.K.
2.75,70.0, ,Domincan Republic,Forteza (Cortes),Puerto Rico
2.75,80.0, ,Domincan Republic,Forteza (Cortes),Puerto Rico
2.75,70.0, ,Madagascar,Fossa,Singapore
3.5,75.0, ,Ecuador,Fossa,Singapore
3.75,67.0,Trinitario,Tanzania,Fossa,Singapore
3.5,70.0, ,Venezuela,Franceschi,Venezuela
3.75,70.0, ,Venezuela,Franceschi,Venezuela
3.75,70.0, ,Venezuela,Franceschi,Venezuela
3.5,60.0, ,Venezuela,Franceschi,Venezuela
3.5,70.0, ,Costa Rica,Frederic Blondeel,Belgium
3.5,75.0, ,Peru,Frederic Blondeel,Belgium
3.0,80.0,Trinitario,Vietnam,Frederic Blondeel,Belgium
3.5,60.0,Forastero,Ghana,Frederic Blondeel,Belgium
3.5,65.0,Trinitario,Madagascar,Frederic Blondeel,Belgium
3.5,70.0, ,Peru,French Broad,U.S.A.
3.5,73.0, ,Guatemala,French Broad,U.S.A.
3.0,80.0, ,Costa Rica,French Broad,U.S.A.
3.25,68.0, ,Nicaragua,French Broad,U.S.A.
3.5,66.0, ,Peru,French Broad,U.S.A.
2.5,70.0,Criollo,Peru,French Broad,U.S.A.
3.5,61.0, ,Peru,French Broad,U.S.A.
2.0,81.0, ,Peru,French Broad,U.S.A.
3.5,70.0,Forastero,Peru,French Broad,U.S.A.
3.5,65.0, ,Dominican Republic,French Broad,U.S.A.
3.0,70.0,Forastero,Peru,Fresco,U.S.A.
3.5,70.0,Forastero,Peru,Fresco,U.S.A.
3.5,70.0,Forastero,Peru,Fresco,U.S.A.
3.5,70.0,Forastero,Peru,Fresco,U.S.A.
3.25,72.0, ,Dominican Republic,Fresco,U.S.A.
3.75,72.0, ,Dominican Republic,Fresco,U.S.A.
3.75,70.0, ,Peru,Fresco,U.S.A.
4.0,70.0,Trinitario,Peru,Fresco,U.S.A.
3.5,69.0, ,Papua New Guinea,Fresco,U.S.A.
3.5,69.0, ,Papua New Guinea,Fresco,U.S.A.
4.0,74.0,Trinitario,Madagascar,Fresco,U.S.A.
4.0,69.0,Trinitario,Papua New Guinea,Fresco,U.S.A.
3.0,69.0,Trinitario,Papua New Guinea,Fresco,U.S.A.
2.75,74.0,Forastero,Ghana,Fresco,U.S.A.
3.25,70.0,Trinitario,Jamaica,Fresco,U.S.A.
3.5,72.0, ,Dominican Republic,Fresco,U.S.A.
3.5,70.0,Trinitario,Jamaica,Fresco,U.S.A.
2.75,74.0,Trinitario,Madagascar,Fresco,U.S.A.
3.25,72.0, ,Dominican Republic,Fresco,U.S.A.
3.0,74.0,Trinitario,Madagascar,Fresco,U.S.A.
3.25,76.0,Trinitario,Venezuela,Fresco,U.S.A.
4.0,70.0,Trinitario,Venezuela,Fresco,U.S.A.
2.75,80.0,Trinitario,Jamaica,Fresco,U.S.A.
3.0,70.0,Trinitario,Jamaica,Fresco,U.S.A.
3.25,70.0,Trinitario,Jamaica,Fresco,U.S.A.
3.5,65.0,Criollo,Venezuela,Fresco,U.S.A.
3.5,70.0, ,Nicaragua,Friis Holm,Denmark
3.0,60.0, ,Nicaragua,Friis Holm (Bonnat),Denmark
3.25,85.0, ,Nicaragua,Friis Holm (Bonnat),Denmark
3.5,70.0, ,Nicaragua,Friis Holm (Bonnat),Denmark
3.25,70.0, ,Nicaragua,Friis Holm (Bonnat),Denmark
3.5,70.0, ,Nicaragua,Friis Holm (Bonnat),Denmark
3.25,70.0,Criollo,Nicaragua,Friis Holm (Bonnat),Denmark
3.25,70.0,Criollo,Honduras,Friis Holm (Bonnat),Denmark
3.25,70.0,Criollo,Nicaragua,Friis Holm (Bonnat),Denmark
3.75,70.0, ,Nicaragua,Friis Holm (Bonnat),Denmark
3.25,70.0,Criollo,Nicaragua,Friis Holm (Bonnat),Denmark
3.5,70.0,Criollo,Nicaragua,Friis Holm (Bonnat),Denmark
3.5,70.0,Criollo,Nicaragua,Friis Holm (Bonnat),Denmark
3.75,74.0,Beniano,Bolivia,Fruition,U.S.A.
4.0,74.0,Amazon mix,Costa Rica,Fruition,U.S.A.
3.75,70.0,Trinitario,Trinidad,Fruition,U.S.A.
3.0,76.0,Forastero,Peru,Fruition,U.S.A.
3.75,70.0, ,Dominican Republic,Fruition,U.S.A.
3.0,75.0, ,Ecuador,Fruition,U.S.A.
2.5,70.0, ,Peru,Fruition,U.S.A.
3.25,66.0,Trinitario,Costa Rica,Fruition,U.S.A.
3.0,70.0, ,Costa Rica,Fruition,U.S.A.
2.5,85.0,Blend,Hawaii,Garden Island,U.S.A.
3.25,65.0,Trinitario,Madagascar,Georgia Ramon,Germany
4.0,70.0,Forastero,Ghana,Georgia Ramon,Germany
3.5,70.0,Trinitario,Domincan Republic,Georgia Ramon,Germany
3.5,80.0,Trinitario,Domincan Republic,Georgia Ramon,Germany
3.5,75.0,Trinitario,Madagascar,Georgia Ramon,Germany
3.5,70.0, ,Belize,Glennmade,U.S.A.
3.0,66.0,Trinitario,Brazil,Glennmade,U.S.A.
2.75,77.0, ,Mexico,Goodnow Farms,U.S.A.
3.25,77.0, ,Nicaragua,Goodnow Farms,U.S.A.
3.25,77.0, ,Guatemala,Goodnow Farms,U.S.A.
3.0,72.0,Trinitario,Vietnam,Grand Place,Vietnam
3.5,70.0, ,Madagascar,Green Bean to Bar,Japan
3.25,82.0,Trinitario,Grenada,Grenada Chocolate Co.,Grenada
2.75,60.0,Trinitario,Grenada,Grenada Chocolate Co.,Grenada
2.5,71.0,Trinitario,Grenada,Grenada Chocolate Co.,Grenada
3.0,64.0,Forastero,Ecuador,Guido Castagna,Italy
3.0,64.0,Forastero,Ghana,Guido Castagna,Italy
3.0,64.0, ,"Trinidad, Tobago",Guido Castagna,Italy
3.0,76.0, ,Venezuela,Guido Castagna,Italy
3.25,64.0, ,"Ven, Trinidad, Ecuador",Guido Castagna,Italy
2.75,65.0, ,Haiti,Guittard,U.S.A.
2.75,65.0, ,Nicaragua,Guittard,U.S.A.
3.25,65.0,Trinitario,Jamaica,Guittard,U.S.A.
3.5,65.0, ,Ecuador,Guittard,U.S.A.
3.0,65.0,Trinitario,Trinidad,Guittard,U.S.A.
3.0,55.0, ,Hawaii,Guittard,U.S.A.
3.0,65.0, ,Peru,Guittard,U.S.A.
3.5,65.0, ,Venezuela,Guittard,U.S.A.
3.0,65.0,Trinitario,Colombia,Guittard,U.S.A.
2.5,65.0,Criollo,Venezuela,Guittard,U.S.A.
3.5,65.0,Criollo,Madagascar,Guittard,U.S.A.
3.5,65.0,Forastero,Ecuador,Guittard,U.S.A.
2.75,80.0, ,Papua New Guinea,Habitual,Canada
3.25,75.0, ,Dominican Republic,Habitual,Canada
3.25,66.0, ,Hawaii,Habitual,Canada
2.5,77.0,Forastero,Ecuador,Hachez,Germany
2.75,55.0,Trinitario,Ecuador,Hacienda El Castillo,Ecuador
3.0,70.0,Trinitario,Ecuador,Hacienda El Castillo,Ecuador
3.0,70.0, ,"South America, Africa",Haigh,Australia
3.25,85.0, ,Brazil,Harper Macaw,U.S.A.
3.0,67.0, ,Brazil,Harper Macaw,U.S.A.
3.5,77.0, ,Brazil,Harper Macaw,U.S.A.
3.5,74.0, ,Brazil,Harper Macaw,U.S.A.
2.75,64.0, ,Peru,Heilemann,Germany
3.25,70.0,Amazon,Belize,Heirloom Cacao Preservation (Brasstown),U.S.A.
3.5,74.0,Amazon mix,Costa Rica,Heirloom Cacao Preservation (Fruition),U.S.A.
3.5,67.0,"Amazon, ICS",Bolivia,Heirloom Cacao Preservation (Guittard),U.S.A.
3.0,67.0,Beniano,Bolivia,Heirloom Cacao Preservation (Guittard),U.S.A.
3.75,67.0,EET,Ecuador,Heirloom Cacao Preservation (Guittard),U.S.A.
3.75,67.0, ,Hawaii,Heirloom Cacao Preservation (Guittard),U.S.A.
3.5,72.0, ,Hawaii,Heirloom Cacao Preservation (Manoa),U.S.A.
3.5,70.0,EET,Ecuador,Heirloom Cacao Preservation (Millcreek),U.S.A.
3.5,77.0,EET,Ecuador,Heirloom Cacao Preservation (Mindo),U.S.A.
3.75,68.0,"Amazon, ICS",Bolivia,Heirloom Cacao Preservation (Zokoko),U.S.A.
4.0,72.0,Beniano,Bolivia,Heirloom Cacao Preservation (Zokoko),U.S.A.
2.75,57.0,Forastero,Uganda,hello cocoa,U.S.A.
3.5,74.0,Criollo,Venezuela,hello cocoa,U.S.A.
2.75,70.0, ,Tanzania,hexx,U.S.A.
3.0,74.0,Trinitario,Madagascar,hexx,U.S.A.
3.0,70.0, ,Venezuela,hexx,U.S.A.
3.25,73.0, ,Ecuador,hexx,U.S.A.
3.25,70.0, ,Peru,hexx,U.S.A.
2.75,70.0,Trinitario,Madagascar,Hogarth,New Zealand
2.75,72.0,Trinitario,Venezuela,Hogarth,New Zealand
3.25,75.0,Trinitario,Domincan Republic,Hogarth,New Zealand
3.5,66.0,Criollo,Peru,Hogarth,New Zealand
2.0,80.0,Forastero,Ecuador,Hoja Verde (Tulicorp),Ecuador
2.5,80.0,Forastero,Ecuador,Hoja Verde (Tulicorp),Ecuador
3.0,72.0,Forastero,Ecuador,Hoja Verde (Tulicorp),Ecuador
3.25,58.0,Forastero,Ecuador,Hoja Verde (Tulicorp),Ecuador
3.5,58.0,Forastero,Ecuador,Hoja Verde (Tulicorp),Ecuador
2.75,70.0, ,Peru,Holy Cacao,Israel
3.5,70.0, ,Ecuador,Holy Cacao,Israel
3.5,70.0,Trinitario,Madagascar,Holy Cacao,Israel
3.5,70.0,Trinitario,Trinidad,Holy Cacao,Israel
3.5,70.0, ,Venezuela,Holy Cacao,Israel
2.5,70.0, ,Ivory Coast,Holy Cacao,Israel
2.75,70.0, ,Dominican Republic,Holy Cacao,Israel
3.5,70.0, ,Peru,Holy Cacao,Israel
3.75,75.0, ,Dominican Republic,Holy Cacao,Israel
2.5,72.0, ,Ecuador,Honest,South Africa
2.75,70.0, ,St. Lucia,Hotel Chocolat,U.K.
4.0,70.0,Trinitario,St. Lucia,Hotel Chocolat,U.K.
1.75,100.0,Trinitario,St. Lucia,Hotel Chocolat,U.K.
3.0,75.0,Trinitario,Trinidad,Hotel Chocolat (Coppeneur),U.K.
3.5,80.0,Trinitario,Vietnam,Hotel Chocolat (Coppeneur),U.K.
3.0,90.0,Forastero,Ecuador,Hotel Chocolat (Coppeneur),U.K.
3.0,72.0,Trinitario,Madagascar,Hotel Chocolat (Coppeneur),U.K.
3.5,82.0,Forastero,Ecuador,Hotel Chocolat (Coppeneur),U.K.
2.75,100.0, ,Peru,Hotel Chocolat (Coppeneur),U.K.
2.5,100.0,Forastero,Ecuador,Hotel Chocolat (Coppeneur),U.K.
2.75,100.0, ,Dominican Republic,Hotel Chocolat (Coppeneur),U.K.
3.5,66.0,Criollo,Madagascar,Hotel Chocolat (Coppeneur),U.K.
3.0,80.0,Forastero,Ecuador,Hotel Chocolat (Coppeneur),U.K.
3.0,65.0,Trinitario,St. Lucia,Hotel Chocolat (Coppeneur),U.K.
3.25,65.0,Trinitario,St. Lucia,Hotel Chocolat (Coppeneur),U.K.
2.75,70.0, ,Ecuador,Hotel Chocolat (Coppeneur),U.K.
3.0,70.0, ,Dominican Republic,Hotel Chocolat (Coppeneur),U.K.
2.75,70.0,Trinitario,Venezuela,Hotel Chocolat (Coppeneur),U.K.
3.0,72.0, ,St. Lucia,Hotel Chocolat (Coppeneur),U.K.
2.5,80.0,Forastero,Uganda,Hotel Chocolat (Coppeneur),U.K.
2.75,75.0, ,Tanzania,Hotel Chocolat (Coppeneur),U.K.
3.0,72.0,Forastero,Sao Tome,Hotel Chocolat (Coppeneur),U.K.
3.5,70.0,Trinitario,Vietnam,Hummingbird,Canada
3.0,70.0,Criollo,Bolivia,Hummingbird,Canada
3.0,70.0,Criollo,Bolivia,Hummingbird,Canada
3.0,70.0,Trinitario,Nicaragua,Hummingbird,Canada
3.75,70.0,Trinitario,Dominican Republic,Hummingbird,Canada
3.5,70.0, ,Dominican Republic,Hummingbird,Canada
3.25,70.0,Criollo,Venezuela,Hummingbird,Canada
3.75,70.0,Forastero,Venezuela,Hummingbird,Canada
3.75,72.0,Trinitario,Venezuela,Idilio (Felchlin),Switzerland
3.75,72.0,Criollo,Venezuela,Idilio (Felchlin),Switzerland
3.75,72.0, ,Venezuela,Idilio (Felchlin),Switzerland
3.25,72.0,Criollo,Venezuela,Idilio (Felchlin),Switzerland
3.75,72.0,Criollo,Venezuela,Idilio (Felchlin),Switzerland
4.0,74.0,Criollo,Venezuela,Idilio (Felchlin),Switzerland
3.5,72.0,Criollo,Venezuela,Idilio (Felchlin),Switzerland
4.0,70.0,Trinitario,Venezuela,Idilio (Felchlin),Switzerland
4.0,72.0,Criollo,Venezuela,Idilio (Felchlin),Switzerland
4.0,72.0, ,Venezuela,Idilio (Felchlin),Switzerland
2.5,61.0, ,India,Indah,India
3.25,70.0, ,Dominican Republic,Indaphoria,U.S.A.
2.75,70.0, ,Dominican Republic,Indaphoria,U.S.A.
3.0,77.0, ,Honduras,Indi,U.S.A.
2.75,72.0,Criollo,Peru,iQ Chocolate,Scotland
3.0,72.0, ,Peru,iQ Chocolate,Scotland
3.5,72.0,Trinitario,Madagascar,Isidro,U.S.A.
2.25,72.0, ,Peru,Isidro,U.S.A.
3.25,72.0,Trinitario,Belize,Isidro,U.S.A.
3.25,72.0, ,Dominican Republic,Isidro,U.S.A.
3.5,70.0,Trinitario,Belize,Izard,U.S.A.
2.75,70.0, ,Dominican Republic,Izard,U.S.A.
2.0,71.0,Trinitario,Ghana,Jacque Torres,U.S.A.
2.75,63.0,Trinitario,Madagascar,Jordis,Czech Republic
3.5,70.0,Trinitario,Belize,Just Good Chocolate,U.S.A.
3.5,70.0,Trinitario,Madagascar,Just Good Chocolate,U.S.A.
4.0,70.0, ,Peru,Just Good Chocolate,U.S.A.
3.5,70.0, ,Dominican Republic,Kah Kow,Domincan Republic
3.0,82.0, ,Dominican Republic,Kah Kow,Domincan Republic
3.25,55.0, ,Dominican Republic,Kah Kow,Domincan Republic
3.25,62.0, ,Dominican Republic,Kah Kow,Domincan Republic
2.5,64.0, ,Peru,Kakao,Germany
3.75,65.0,Trinitario,Vanuatu,Kakao,Germany
3.0,70.0, ,Ecuador,Kallari (Ecuatoriana),Ecuador
3.5,70.0, ,Ecuador,Kallari (Ecuatoriana),Ecuador
2.75,75.0, ,Ecuador,Kallari (Ecuatoriana),Ecuador
2.5,85.0, ,Ecuador,Kallari (Ecuatoriana),Ecuador
2.75,85.0, ,Ecuador,Kallari (Ecuatoriana),Ecuador
3.0,85.0, ,Ecuador,Kallari (Ecuatoriana),Ecuador
2.5,75.0, ,Ecuador,Kallari (Ecuatoriana),Ecuador
3.0,85.0, ,Ecuador,Kallari (Ecuatoriana),Ecuador
2.75,80.0, ,Ecuador,Kaoka (Cemoi),France
3.75,70.0, ,Dominican Republic,Kerchner,U.S.A.
2.0,72.0, ,Mexico,Ki' Xocolatl,Mexico
3.0,60.0,Trinitario,Dominican Republic,Kiskadee,U.S.A.
2.5,72.0, ,Peru,Kto,U.S.A.
2.75,72.0, ,Venezuela,Kto,U.S.A.
3.0,72.0,Trinitario,Belize,Kto,U.S.A.
3.25,72.0,Trinitario,Madagascar,Kto,U.S.A.
3.25,90.0,Trinitario,Belize,Kto,U.S.A.
3.25,72.0, ,Dominican Republic,Kto,U.S.A.
3.25,72.0, ,Dominican Republic,Kto,U.S.A.
3.25,70.0, ,Haiti,K'ul,U.S.A.
2.75,70.0,Forastero,Peru,K'ul,U.S.A.
3.75,70.0, ,Ecuador,K'ul,U.S.A.
3.75,70.0,Forastero,Brazil,K'ul,U.S.A.
2.5,72.5,Forastero,Uganda,Kyya,U.S.A.
3.0,72.5, ,Dominican Republic,Kyya,U.S.A.
2.5,72.5, ,Ecuador,Kyya,U.S.A.
3.0,72.5,Trinitario,Madagascar,Kyya,U.S.A.
3.25,74.0, ,Peru,L.A. Burdick (Felchlin),U.S.A.
4.0,70.0, ,Brazil,L.A. Burdick (Felchlin),U.S.A.
3.75,68.0,Trinitario,Venezuela,L.A. Burdick (Felchlin),U.S.A.
3.75,74.0, ,Ecuador,L.A. Burdick (Felchlin),U.S.A.
3.25,75.0,Trinitario,Grenada,L.A. Burdick (Felchlin),U.S.A.
3.75,74.0, ,Dominican Republic,L.A. Burdick (Felchlin),U.S.A.
3.0,71.0, ,Venezuela,L.A. Burdick (Felchlin),U.S.A.
3.5,64.0,Trinitario,Madagascar,L.A. Burdick (Felchlin),U.S.A.
3.0,68.0, ,Bolivia,L.A. Burdick (Felchlin),U.S.A.
2.25,70.0,Criollo,Peru,La Chocolaterie Nanairo,Japan
2.5,70.0,Criollo,Peru,La Chocolaterie Nanairo,Japan
3.0,70.0,Criollo,Peru,La Chocolaterie Nanairo,Japan
3.0,70.0,Criollo,Belize,La Chocolaterie Nanairo,Japan
2.75,74.0, ,"Africa, Carribean, C. Am.",La Maison du Chocolat (Valrhona),France
3.25,60.0, ,Tobago,La Maison du Chocolat (Valrhona),France
3.25,56.0, ,Ecuador,La Maison du Chocolat (Valrhona),France
3.5,66.0, ,Dominican Republic,La Maison du Chocolat (Valrhona),France
3.5,68.0,Trinitario,Grenada,La Maison du Chocolat (Valrhona),France
3.25,68.0,Forastero,Ghana,La Maison du Chocolat (Valrhona),France
3.5,69.0,Criollo,Venezuela,La Maison du Chocolat (Valrhona),France
3.5,74.0,Blend,"Ven., Indonesia, Ecuad.",La Maison du Chocolat (Valrhona),France
2.5,72.0, ,Peru,La Oroquidea,Peru
3.25,60.0, ,Ecuador,La Pepa de Oro,Ecuador
2.75,75.0,Trinitario,Madagascar,Laia aka Chat-Noir,France
2.75,75.0,Trinitario,Vietnam,Laia aka Chat-Noir,France
3.0,75.0, ,Cuba,Laia aka Chat-Noir,France
3.25,75.0, ,Peru,Laia aka Chat-Noir,France
3.0,75.0, ,Ivory Coast,Laia aka Chat-Noir,France
3.5,75.0,Forastero,Sao Tome,Laia aka Chat-Noir,France
3.25,75.0, ,Brazil,Laia aka Chat-Noir,France
3.75,75.0,Trinitario,Vietnam,Laia aka Chat-Noir,France
2.75,70.0, ,Cuba,Laia aka Chat-Noir,France
2.75,68.0, ,Trinidad-Tobago,Laia aka Chat-Noir,France
3.5,70.0,Forastero,Brazil,Lajedo do Ouro,Brazil
2.5,75.0, ,Tanzania,Lake Champlain (Callebaut),U.S.A.
3.5,80.0,Trinitario,Nicaragua,L'Amourette,U.S.A.
3.0,75.0,Trinitario,Venezuela,L'Amourette,U.S.A.
3.0,75.0,Trinitario,Venezuela,L'Amourette,U.S.A.
3.0,72.0,Criollo,"Peru, Ecuador, Venezuela",L'Amourette,U.S.A.
3.5,70.0, ,Honduras,Letterpress,U.S.A.
3.25,70.0, ,Belize,Letterpress,U.S.A.
3.25,70.0, ,Liberia,Letterpress,U.S.A.
3.25,70.0, ,Bolivia,Letterpress,U.S.A.
3.5,70.0,Trinitario,Trinidad,Letterpress,U.S.A.
3.0,70.0, ,Costa Rica,Letterpress,U.S.A.
3.25,70.0, ,Domincan Republic,Letterpress,U.S.A.
3.5,70.0, ,Tanzania,Letterpress,U.S.A.
3.5,70.0,Forastero,Peru,Letterpress,U.S.A.
3.5,71.0,Criollo,Madagascar,Levy,Finland
3.0,70.0,Trinitario,Madagascar,Lilla,Finland
3.5,65.0,Criollo,Peru,Lillie Belle,U.S.A.
3.5,68.0,Criollo,Bolivia,Lillie Belle,U.S.A.
3.75,68.0, ,Peru,Lillie Belle,U.S.A.
2.75,75.0, ,"Venezuela, Dom. Rep.",Lillie Belle,U.S.A.
3.0,74.0, ,Dominican Republic,Lillie Belle,U.S.A.
3.5,68.0,Criollo,Bolivia,Lillie Belle,U.S.A.
2.5,65.0, ,Puerto Rico,Loiza,Puerto Rico
3.75,70.0, ,Hawaii,Lonohana,U.S.A.
3.25,65.0, ,Hawaii,Lonohana,U.S.A.
3.75,75.0, ,Hawaii,Lonohana,U.S.A.
3.0,71.0, ,Hawaii,Lonohana,U.S.A.
3.0,72.0, ,Hawaii,Lonohana,U.S.A.
3.5,70.0, ,Hawaii,Lonohana,U.S.A.
2.0,75.0, ,Nicaragua,Love Bar,U.S.A.
2.75,46.0, ,"Colombia, Ecuador",Luker,Colombia
3.0,60.0, ,"Colombia, Ecuador",Luker,Colombia
3.0,58.0, ,"Colombia, Ecuador",Luker,Colombia
3.5,65.0, ,Colombia,Luker,Colombia
1.5,70.0, ,Peru,Machu Picchu Trading Co.,Peru
2.25,55.0, ,Peru,Machu Picchu Trading Co.,Peru
3.5,67.0,Trinitario,Madagascar,Madecasse (Cinagra),Madagascar
3.75,70.0,Trinitario,Madagascar,Madecasse (Cinagra),Madagascar
4.0,63.0,Trinitario,Madagascar,Madecasse (Cinagra),Madagascar
3.5,75.0,Trinitario,Madagascar,Madecasse (Cinagra),Madagascar
3.5,73.0, ,Solomon Islands,Madre,U.S.A.
2.75,70.0, ,Puerto Rico,Madre,U.S.A.
3.5,70.0, ,Brazil,Madre,U.S.A.
2.75,70.0, ,Hawaii,Madre,U.S.A.
2.75,70.0, ,Mexico,Madre,U.S.A.
3.25,70.0, ,Hawaii,Madre,U.S.A.
3.25,70.0,Criollo,Hawaii,Madre,U.S.A.
3.5,70.0, ,Hawaii,Madre,U.S.A.
2.5,70.0, ,Dominican Republic,Madre,U.S.A.
2.75,70.0, ,Costa Rica,Madre,U.S.A.
2.75,72.0, ,Mexico,Madre,U.S.A.
2.0,75.0, ,Tanzania,Maglio,Italy
3.0,70.0,Forastero,Ecuador,Maglio,Italy
3.25,70.0,Criollo,Cuba,Maglio,Italy
3.75,70.0,Criollo,Dominican Republic,Maglio,Italy
2.0,70.0, ,Ecuador,Majani,Italy
2.75,75.0,Trinitario,Madagascar,Malagasy (Chocolaterie Robert),Madagascar
3.5,73.0,Trinitario,Madagascar,Malagasy (Chocolaterie Robert),Madagascar
3.5,65.0,Trinitario,Philippines,Malagos,Philippines
3.5,55.0, ,Hawaii,Malie Kai (Guittard),U.S.A.
2.75,55.0,Blend,Hawaii,Malie Kai (Guittard),U.S.A.
3.0,70.0, ,Venezuela,Malmo,Sweden
2.5,74.0, ,Ecuador,Mana,U.S.A.
2.5,74.0, ,Peru,Mana,U.S.A.
2.75,74.0, ,Venezuela,Mana,U.S.A.
3.75,74.0, ,Dominican Republic,Mana,U.S.A.
2.75,70.0, ,Colombia,Manifesto Cacao,Colombia
3.5,72.0, ,Papua New Guinea,Manoa,U.S.A.
3.75,72.0, ,Costa Rica,Manoa,U.S.A.
3.75,72.0, ,Hawaii,Manoa,U.S.A.
3.25,72.0, ,Liberia,Manoa,U.S.A.
2.75,72.0, ,Hawaii,Manoa,U.S.A.
3.0,72.0, ,Peru,Manoa,U.S.A.
3.25,72.0, ,Hawaii,Manoa,U.S.A.
3.75,70.0, ,Nicaragua,Manufaktura Czekolady,Poland
3.5,70.0, ,Peru,Manufaktura Czekolady,Poland
3.75,70.0,Criollo,Venezuela,Manufaktura Czekolady,Poland
3.5,85.0, ,Colombia,Manufaktura Czekolady,Poland
3.25,70.0, ,Dominican Republic,Manufaktura Czekolady,Poland
3.5,70.0,Forastero,Ghana,Manufaktura Czekolady,Poland
3.25,70.0, ,Ecuador,Manufaktura Czekolady,Poland
3.25,75.0,Trinitario,Vietnam,Map Chocolate,U.S.A.
3.5,70.0,Criollo,Dominican Republic,Map Chocolate,U.S.A.
3.5,62.0,Forastero,Peru,Map Chocolate,U.S.A.
3.5,70.0,Trinitario,Ecuador,Map Chocolate,U.S.A.
2.75,70.0,Trinitario,Trinidad,Map Chocolate,U.S.A.
3.5,70.0, ,Nicaragua,Map Chocolate,U.S.A.
3.5,68.0,Criollo,Peru,Map Chocolate,U.S.A.
2.75,75.0, ,Colombia,Map Chocolate,U.S.A.
3.0,72.0, ,Tanzania,Map Chocolate,U.S.A.
3.5,78.0, ,Honduras,Map Chocolate,U.S.A.
3.0,70.0, ,Peru,Marana,Peru
2.75,70.0, ,Peru,Marana,Peru
3.0,70.0, ,Peru,Marana,Peru
3.25,85.0,Trinitario,Vietnam,Marou,Vietnam
3.5,68.0,Trinitario,Vietnam,Marou,Vietnam
3.75,70.0,Trinitario,Vietnam,Marou,Vietnam
3.5,75.0,Trinitario,Vietnam,Marou,Vietnam
3.5,76.0,Trinitario,Vietnam,Marou,Vietnam
3.5,72.0,Trinitario,Vietnam,Marou,Vietnam
3.5,70.0,Trinitario,Vietnam,Marou,Vietnam
3.5,78.0,Trinitario,Vietnam,Marou,Vietnam
3.0,80.0,Trinitario,Vietnam,Marou,Vietnam
3.5,74.0,Trinitario,Vietnam,Marou,Vietnam
3.0,65.0, ,Costa Rica,Mars,U.S.A.
3.0,65.0, ,Ivory Coast,Mars,U.S.A.
3.25,65.0, ,Nigeria,Mars,U.S.A.
3.5,65.0,Forastero,Ghana,Mars,U.S.A.
2.25,74.0, ,Dominican Republic,Marsatta,U.S.A.
2.5,89.0, ,Dominican Republic,Marsatta,U.S.A.
2.75,76.0, ,Bolivia,Martin Mayer,Austria
3.0,82.0, ,Haiti,Martin Mayer,Austria
3.25,74.0, ,Colombia,Martin Mayer,Austria
3.0,76.0, ,Guatemala,Mast Brothers,U.S.A.
3.25,74.0, ,Tanzania,Mast Brothers,U.S.A.
3.75,75.0,Blend,"Peru, Belize",Mast Brothers,U.S.A.
3.5,73.0,Blend,"Peru, Mad., Dom. Rep.",Mast Brothers,U.S.A.
2.75,73.0,Trinitario,Venezuela,Mast Brothers,U.S.A.
3.0,76.0,Trinitario,Venezuela,Mast Brothers,U.S.A.
3.0,70.0,Trinitario,Venezuela,Mast Brothers,U.S.A.
2.75,81.0,Trinitario,Venezuela,Mast Brothers,U.S.A.
3.5,70.0,Trinitario,Belize,Mast Brothers,U.S.A.
2.75,71.0, ,Papua New Guinea,Mast Brothers,U.S.A.
3.0,75.0, ,Peru,Mast Brothers,U.S.A.
3.25,73.0, ,Dominican Republic,Mast Brothers,U.S.A.
3.75,74.0, ,Dominican Republic,Mast Brothers,U.S.A.
2.75,81.0,Criollo,Venezuela,Mast Brothers,U.S.A.
3.0,75.0, ,Venezuela,Mast Brothers,U.S.A.
3.25,70.0, ,Dominican Republic,Mast Brothers,U.S.A.
3.5,72.0,Trinitario,Vanuatu,Matale,Australia
4.0,68.0,Trinitario,Madagascar,Matale,Australia
4.0,74.0,Trinitario,Papua New Guinea,Matale,Australia
3.75,70.0,Trinitario,"PNG, Vanuatu, Mad",Matale,Australia
3.25,70.0,Trinitario,Belize,Maverick,U.S.A.
3.25,70.0, ,Dominican Republic,Maverick,U.S.A.
3.25,82.0,Criollo,Peru,Maverick,U.S.A.
3.5,63.0,Criollo,Peru,Maverick,U.S.A.
3.0,72.0, ,Domincan Republic,Mayacama,U.S.A.
2.5,70.0, ,Bolivia,Meadowlands,U.S.A.
2.75,70.0, ,Venezuela,Meadowlands,U.S.A.
3.0,70.0,Trinitario,Belize,Meadowlands,U.S.A.
3.0,70.0, ,Nicaragua,Meadowlands,U.S.A.
3.5,70.0, ,Dominican Republic,Meadowlands,U.S.A.
2.5,80.0,Trinitario,Madagascar,Menakao (aka Cinagra),Madagascar
2.5,72.0,Trinitario,Madagascar,Menakao (aka Cinagra),Madagascar
2.75,80.0, ,El Salvador,Mesocacao,Honduras
3.0,70.0, ,El Salvador,Mesocacao,Honduras
3.25,80.0, ,Honduras,Mesocacao,Honduras
3.5,70.0, ,Honduras,Mesocacao,Honduras
3.25,70.0, ,Nicaragua,Mesocacao,Honduras
3.5,80.0, ,Nicaragua,Mesocacao,Honduras
3.0,70.0, ,Brazil,Metiisto,Sweden
3.5,72.0,Trinitario,Madagascar,Metiisto,Sweden
3.5,70.0,Trinitario,South America,Metropolitan,Amsterdam
3.75,66.0, ,Mexico,Michel Cluizel,France
3.5,66.0,Trinitario,Venezuela,Michel Cluizel,France
3.5,67.0,Forastero,Sao Tome,Michel Cluizel,France
3.0,70.0,Forastero,Sao Tome,Michel Cluizel,France
4.0,67.0, ,Dominican Republic,Michel Cluizel,France
4.0,65.0,Trinitario,Madagascar,Michel Cluizel,France
4.0,64.0, ,Papua New Guinea,Michel Cluizel,France
3.5,80.0,Trinitario,Belize,Middlebury,U.S.A.
3.5,70.0,Trinitario,Trinidad,Middlebury,U.S.A.
3.75,75.0, ,Dominican Republic,Middlebury,U.S.A.
3.75,75.0, ,Venezuela,Middlebury,U.S.A.
3.25,75.0, ,Tanzania,Middlebury,U.S.A.
3.5,70.0, ,Nicaragua,Middlebury,U.S.A.
2.5,75.0, ,Dominican Republic,Middlebury,U.S.A.
3.25,80.0,Trinitario,Belize,Middlebury,U.S.A.
2.0,75.0,Criollo,Bolivia,Middlebury,U.S.A.
2.5,70.0,Criollo,Indonesia,Middlebury,U.S.A.
2.5,70.0,Forastero,Ecuador,Millcreek Cacao Roasters,U.S.A.
3.5,70.0, ,Ecuador,Millcreek Cacao Roasters,U.S.A.
2.75,67.0, ,Ecuador,Mindo,U.S.A.
2.75,77.0, ,Ecuador,Mindo,U.S.A.
3.5,70.0,Criollo,Haiti,Minimal,Japan
3.75,75.0, ,Brazil,Mission,Brazil
3.5,70.0,Forastero,Brazil,Mission,Brazil
2.5,65.0, ,Colombia,Mita,Colombia
3.25,73.0,Trinitario,Belize,Moho,U.S.A.
3.0,72.0,Trinitario,Belize,Moho,U.S.A.
2.75,67.0,Trinitario,Belize,Moho,U.S.A.
3.0,70.0, ,Domincan Republic,Molucca,U.S.A.
2.75,70.0, ,Indonesia,Molucca,U.S.A.
3.25,70.0, ,Peru,Molucca,U.S.A.
2.75,70.0, ,Nicaragua,Momotombo,Nicaragua
2.75,70.0, ,Nicaragua,Momotombo,Nicaragua
3.25,70.0, ,Nicaragua,Momotombo,Nicaragua
3.5,72.0, ,Dominican Republic,Monarque,Canada
3.25,70.0, ,Papua New Guinea,Monsieur Truffe,Australia
3.25,70.0, ,Ecuador,Montecristi,Ecuador
3.5,63.0, ,Ecuador,Montecristi,Ecuador
3.5,85.0, ,Ecuador,Montecristi,Ecuador
3.5,70.0, ,Nicaragua,Muchomas (Mesocacao),U.S.A.
3.5,80.0, ,Nicaragua,Muchomas (Mesocacao),U.S.A.
2.75,68.0, ,Tanzania,Mutari,U.S.A.
2.75,71.0, ,Domincan Republic,Mutari,U.S.A.
2.75,68.0, ,Madagascar,Mutari,U.S.A.
3.0,80.0,Trinitario,Vietnam,Mutari,U.S.A.
2.5,58.0, ,Costa Rica,Nahua,Costa Rica
3.0,70.0, ,Costa Rica,Nahua,Costa Rica
3.75,70.0, ,"Trinidad, Tobago",Naive,Lithuania
3.75,78.0,Forastero,Peru,Naive,Lithuania
2.5,71.0,Trinitario,Grenada,Naive,Lithuania
3.25,70.0,Criollo,Nicaragua,Na�ve,Lithuania
2.75,75.0,Trinitario,Venezuela,Na�ve,Lithuania
3.0,70.0, ,Venezuela,Na�ve,Lithuania
3.5,85.0, ,Hawaii,Nanea,U.S.A.
2.25,72.0, ,Peru,Nathan Miller,U.S.A.
2.5,70.0, ,Dominican Republic,Nathan Miller,U.S.A.
2.5,73.5,Trinitario,Madagascar,Nathan Miller,U.S.A.
3.5,70.0,Forastero,Ghana,Nathan Miller,U.S.A.
2.5,70.0,Criollo,Papua New Guinea,Neuhaus (Callebaut),Belgium
3.75,67.0,Trinitario,Trinidad,Neuhaus (Callebaut),Belgium
2.0,73.0,Forastero,West Africa,Neuhaus (Callebaut),Belgium
2.75,75.0,Forastero,Sao Tome,Neuhaus (Callebaut),Belgium
3.0,71.0,Criollo,Venezuela,Neuhaus (Callebaut),Belgium
2.25,72.0,Criollo,Venezuela,Nibble,U.S.A.
2.75,72.0,Trinitario,Dominican Republic,Nibble,U.S.A.
3.0,72.0,Trinitario,Madagascar,Nibble,U.S.A.
3.0,72.0,Criollo,Peru,Nibble,U.S.A.
2.75,75.0, ,Peru,Night Owl,U.S.A.
3.5,75.0, ,Ecuador,Night Owl,U.S.A.
3.0,75.0,Forastero,Ghana,Noble Bean aka Jerjobo,U.S.A.
3.0,75.0,Trinitario,Belize,Noble Bean aka Jerjobo,U.S.A.
3.25,75.0,Forastero,Peru,Noble Bean aka Jerjobo,U.S.A.
3.0,70.0, ,Venezuela,Noir d' Ebine,U.S.A.
3.0,70.0, ,Ecuador,Noir d' Ebine,U.S.A.
3.0,70.0, ,Nicaragua,Nova Monda,Nicaragua
2.75,75.0, ,Nicaragua,Nova Monda,Niacragua
3.25,80.0,Forastero,Ecuador,Nova Monda,Nicaragua
3.75,70.0,Forastero,Ghana,Nuance,U.S.A.
2.75,70.0,Trinitario,Ecuador,Nuance,U.S.A.
3.0,70.0,Criollo,Venezuela,Nuance,U.S.A.
3.5,70.0,Trinitario,Madagascar,Nuance,U.S.A.
3.75,70.0, ,Dominican Republic,Nuance,U.S.A.
3.5,70.0,Trinitario,Brazil,Nugali,Brazil
2.5,70.0,Trinitario,Jamaica,Oakland Chocolate Co.,U.S.A.
3.75,70.0,Criollo,Peru,Obolo,Chile
3.75,70.0,Criollo,Peru,Obolo,Chile
3.75,70.0,Forastero,Congo,Ocelot,Scotland
4.0,75.0,Criollo,Peru,Ocelot,Scotland
2.75,100.0, ,Samoa,Ocho,New Zealand
3.5,70.0, ,Samoa,Ocho,New Zealand
2.75,66.0, ,Papua New Guinea,Ocho,New Zealand
3.0,70.0, ,Papua New Guinea,Ocho,New Zealand
3.25,88.0, ,Papua New Guinea,Ocho,New Zealand
3.5,74.0, ,Papua New Guinea,Ocho,New Zealand
2.75,70.0,Trinitario,Trinidad,Ohiyo,U.S.A.
3.0,70.0, ,Tanzania,Ohiyo,U.S.A.
3.5,70.0,Criollo,Bolivia,Oialla by Bojessen (Malmo),Germany
3.0,72.0, ,Dominican Republic,Olive and Sinclair,U.S.A.
3.0,72.0,Forastero,Ghana,Olive and Sinclair,U.S.A.
2.75,67.0, ,"Ghana, Domin. Rep",Olive and Sinclair,U.S.A.
3.0,75.0, ,"Ghana, Domin. Rep",Olive and Sinclair,U.S.A.
2.0,76.0, ,Carribean,Olivia,Canada
2.75,76.0, ,Carribean,Olivia,Canada
2.75,85.0, ,Carribean,Olivia,Canada
3.0,85.0, ,Carribean,Olivia,Canada
2.75,80.0,Forastero,Ghana,Omanhene,Ghana
3.75,70.0,Trinitario,Tanzania,Omnom,Iceland
3.0,70.0, ,Papua New Guinea,Omnom,Iceland
3.5,66.0,Trinitario,Madagascar,Omnom,Iceland
2.75,74.0,Trinitario,Belize,organicfair,Canada
2.75,72.0, ,Dominican Republic,organicfair,Canada
2.75,72.0,Trinitario,Nicaragua,organicfair,Canada
3.0,72.0, ,Dominican Republic,organicfair,Canada
3.0,72.0,Trinitario,Ecuador,organicfair,Canada
2.75,68.0, ,Papua New Guinea,Original Beans (Felchlin),Switzerland
3.75,66.0, ,Bolivia,Original Beans (Felchlin),Switzerland
3.0,70.0,Forastero,Congo,Original Beans (Felchlin),Switzerland
3.0,75.0,Criollo,Peru,Original Beans (Felchlin),Switzerland
3.25,68.0, ,Bolivia,Original Beans (Felchlin),Switzerland
3.0,60.0,Criollo,Hawaii,Original Hawaiin Chocolate Factory,U.S.A.
3.0,60.0, ,Hawaii,Original Hawaiin Chocolate Factory,U.S.A.
3.0,65.0, ,Peru,Orquidea,Peru
3.0,72.0, ,Peru,Orquidea,Peru
4.0,70.0, ,Colombia,Pacari,Ecuador
3.25,70.0, ,Ecuador,Pacari,Ecuador
3.5,70.0, ,Ecuador,Pacari,Ecuador
3.75,70.0, ,Ecuador,Pacari,Ecuador
4.0,70.0, ,Ecuador,Pacari,Ecuador
2.75,85.0, ,Ecuador,Pacari,Ecuador
4.0,70.0, ,Peru,Pacari,Ecuador
3.5,70.0, ,Ecuador,Pacari,Ecuador
2.5,60.0,Forastero,Ecuador,Pacari,Ecuador
2.75,65.0,Forastero,Ecuador,Pacari,Ecuador
3.0,72.0,Forastero,Ecuador,Pacari,Ecuador
2.0,100.0,Forastero,Ecuador,Pacari,Ecuador
3.5,70.0,Forastero,Ecuador,Pacari,Ecuador
2.75,70.0, ,Guatemala,Palette de Bine,Canada
3.0,72.0,Trinitario,Belize,Palette de Bine,Canada
3.25,70.0, ,Bolivia,Palette de Bine,Canada
3.25,70.0,Trinitario,Trinidad,Palette de Bine,Canada
3.5,72.0, ,Tanzania,Palette de Bine,Canada
3.75,72.0,Trinitario,Vietnam,Palette de Bine,Canada
2.75,72.0, ,Bolivia,Palette de Bine,Canada
3.75,78.0,Trinitario,Madagascar,Palette de Bine,Canada
2.75,75.0, ,Ecuador,Palette de Bine,Canada
3.5,75.0,Blend,"Trinidad, Ecuador",Palette de Bine,Canada
3.75,70.0,Trinitario,Trinidad,Palette de Bine,Canada
3.0,76.0, ,Fiji,Pangea,Spain
3.5,65.0, ,South America,Park 75,U.S.A.
3.25,70.0, ,Tanzania,Parliament,U.S.A.
3.5,70.0, ,Guatemala,Parliament,U.S.A.
3.0,70.0, ,Bolivia,Parliament,U.S.A.
3.5,70.0, ,Dominican Republic,Parliament,U.S.A.
2.5,55.0, ,Peru,Pascha,Peru
2.75,70.0, ,Peru,Pascha,Peru
4.0,75.0,Trinitario,Madagascar,Patric,U.S.A.
3.5,67.0,Trinitario,Madagascar,Patric,U.S.A.
3.5,70.0,Trinitario,Venezuela,Patric,U.S.A.
4.0,70.0,Trinitario,Madagascar,Patric,U.S.A.
4.0,67.0, ,Peru,Patric,U.S.A.
2.25,73.0,Trinitario,Madagascar,Paul Young,U.K.
2.75,64.0,Trinitario,Madagascar,Paul Young,U.K.
3.0,82.0, ,Dominican Republic,Peppalo,U.S.A.
3.25,70.0,Forastero,Cameroon,Pierre Marcolini,Belgium
3.0,75.0,Criollo,Venezuela,Pierre Marcolini,Belgium
3.25,75.0,Trinitario,Trinidad,Pierre Marcolini,Belgium
3.75,78.0,Criollo,Cuba,Pierre Marcolini,Belgium
3.0,85.0,Criollo,Peru,Pierre Marcolini,Belgium
3.0,72.0,Forastero,Brazil,Pierre Marcolini,Belgium
3.0,72.0,Criollo,Mexico,Pierre Marcolini,Belgium
4.0,70.0,Blend,"Venezuela, Java",Pierre Marcolini,Belgium
3.75,72.0,Forastero,Ecuador,Pierre Marcolini,Belgium
4.0,72.0,Trinitario,Madagascar,Pierre Marcolini,Belgium
3.5,85.0,Blend,Venezuela/ Ghana,Pierre Marcolini,Belgium
4.0,72.0,Criollo,Mexico,Pierre Marcolini,Belgium
3.0,72.0,Criollo,Indonesia,Pierre Marcolini,Belgium
4.0,72.0,Criollo,Venezuela,Pierre Marcolini,Belgium
2.5,80.0, ,Honduras,Pinellas,U.S.A.
2.5,62.0, ,Nicaragua,Pitch Dark,U.S.A.
2.75,80.0, ,Nicaragua,Pitch Dark,U.S.A.
2.75,80.0,Criollo,Nicaragua,Pitch Dark,U.S.A.
2.75,80.0,Trinitario,Nicaragua,Pitch Dark,U.S.A.
3.25,80.0, ,Nicaragua,Pitch Dark,U.S.A.
3.25,73.0,Trinitario,Madagascar,Pitch Dark,U.S.A.
2.5,73.0,Trinitario,Fiji,Pitch Dark,U.S.A.
3.25,73.0, ,Ecuador,Pitch Dark,U.S.A.
3.5,73.0, ,Ecuador,Pitch Dark,U.S.A.
2.5,76.0, ,Dominican Republic,Pomm (aka Dead Dog),U.S.A.
2.75,82.0,Criollo,Peru,Pomm (aka Dead Dog),U.S.A.
3.75,70.0, ,Domincan Republic,Potomac,U.S.A.
3.75,70.0, ,Venezuela,Potomac,U.S.A.
3.5,70.0,Matina,Costa Rica,Potomac,U.S.A.
3.0,70.0,Matina,Costa Rica,Potomac,U.S.A.
2.75,70.0, ,Peru,Potomac,U.S.A.
3.5,70.0, ,Brazil,Potomac,U.S.A.
3.75,82.0,Matina,Costa Rica,Potomac,U.S.A.
3.25,75.0, ,Peru,Pralus,France
3.25,75.0,Criollo,Venezuela,Pralus,France
3.5,75.0,Trinitario,Venezuela,Pralus,France
2.0,75.0, ,Venezuela,Pralus,France
3.0,75.0,Trinitario,Papua New Guinea,Pralus,France
3.0,100.0,Criollo,Madagascar,Pralus,France
2.0,75.0, ,Dominican Republic,Pralus,France
3.5,75.0, ,Brazil,Pralus,France
4.0,75.0,Forastero,Sao Tome,Pralus,France
3.0,75.0,Forastero,Brazil,Pralus,France
3.5,75.0,Criollo,Tanzania,Pralus,France
3.5,75.0,Forastero,Sao Tome & Principe,Pralus,France
3.5,75.0,Trinitario,Trinidad,Pralus,France
3.75,75.0,Criollo,Madagascar,Pralus,France
3.5,75.0,Criollo,Indonesia,Pralus,France
3.5,75.0,Trinitario,Venezuela,Pralus,France
4.0,75.0,Trinitario,Jamaica,Pralus,France
3.0,75.0,Trinitario,Ecuador,Pralus,France
3.0,75.0,Trinitario,Vanuatu,Pralus,France
3.25,75.0,Forastero,Ghana,Pralus,France
3.5,75.0,Trinitario,Colombia,Pralus,France
4.0,80.0,Criollo,Ecuador,Pralus,France
3.0,75.0,Trinitario,Cuba,Pralus,France
3.0,75.0,Trinitario,"Venezuela, Ghana",Pralus,France
3.5,75.0,Criollo,"Indonesia, Ghana",Pralus,France
3.5,77.0, ,Ecuador,Pump Street Bakery,U.K.
3.5,70.0,Trinitario,Grenada,Pump Street Bakery,U.K.
3.5,74.0,Criollo,Madagascar,Pump Street Bakery,U.K.
2.75,80.0, ,Honduras,Pump Street Bakery,U.K.
2.75,75.0,Trinitario,Venezuela,Pump Street Bakery,U.K.
3.0,75.0,Forastero,Ecuador,Pump Street Bakery,U.K.
3.25,72.0,Trinitario,Madagascar,Pump Street Bakery,U.K.
2.75,85.0,Forastero,Ecuador,Pump Street Bakery,U.K.
2.75,73.0, ,Venezuela,Pura Delizia,Italy
3.25,75.0, ,Brazil,Q Chocolate,Brazil
3.5,85.0, ,Brazil,Q Chocolate,Brazil
2.75,55.0, ,Brazil,Q Chocolate,Brazil
3.25,80.0, ,Brazil,Q Chocolate,Brazil
3.0,60.0, ,Brazil,Q Chocolate,Brazil
3.25,65.0, ,Brazil,Q Chocolate,Brazil
2.75,70.0,Criollo,Mexico,Quetzalli (Wolter),Mexico
3.0,74.0,Trinitario,Mexico,Quetzalli (Wolter),Mexico
3.0,70.0, ,"Peru(SMartin,Pangoa,nacional)",Raaka,U.S.A.
2.75,75.0,Forastero,Congo,Raaka,U.S.A.
3.25,75.0,Trinitario,Madagascar,Raaka,U.S.A.
3.5,85.0, ,Dominican Republic,Raaka,U.S.A.
2.75,70.0, ,Guatemala,Rain Republic,Guatemala
3.0,75.0,Forastero,Ecuador,Rancho San Jacinto,Eucador
2.5,70.0, ,Peru,Ranger,U.S.A.
3.25,80.0, ,Peru,Ranger,U.S.A.
3.5,73.0,Criollo,Peru,Ranger,U.S.A.
3.25,75.0,Criollo,Peru,Raoul Boulanger,France
3.25,75.0, ,Ecuador,Republica del Cacao (aka Confecta),Ecuador
2.5,75.0,Forastero,Ecuador,Republica del Cacao (aka Confecta),Ecuador
3.0,75.0,Forastero,Ecuador,Republica del Cacao (aka Confecta),Ecuador
3.5,67.0,Forastero,Ecuador,Republica del Cacao (aka Confecta),Ecuador
3.75,75.0,Forastero,Ecuador,Republica del Cacao (aka Confecta),Ecuador
3.75,75.0, ,Ecuador,Ritual,U.S.A.
3.5,85.0, ,Ecuador,Ritual,U.S.A.
3.75,75.0,Trinitario,Belize,Ritual,U.S.A.
3.0,75.0,Forastero,Peru,Ritual,U.S.A.
4.0,75.0,Trinitario,Madagascar,Ritual,U.S.A.
3.25,75.0,Nacional (Arriba),Ecuador,Ritual,U.S.A.
3.5,75.0,Trinitario,Trinidad,Ritual,U.S.A.
3.5,75.0, ,Costa Rica,Ritual,U.S.A.
3.25,70.0, ,Costa Rica,Roasting Masters,South Korea
3.25,70.0, ,Costa Rica,Roasting Masters,South Korea
3.25,70.0, ,Costa Rica,Roasting Masters,South Korea
3.25,75.0,Trinitario,Madagascar,Robert (aka Chocolaterie Robert),Madagascar
3.25,68.0,Trinitario,Madagascar,Robert (aka Chocolaterie Robert),Madagascar
3.5,66.0,Trinitario,Grenada,Rococo (Grenada Chocolate Co.),U.K.
3.75,75.0, ,Honduras,Rogue,U.S.A.
3.75,70.0, ,Venezuela,Rogue,U.S.A.
3.25,75.0, ,Bolivia,Rogue,U.S.A.
3.75,80.0,Criollo,Venezuela,Rogue,U.S.A.
3.5,70.0,Trinitario,Madagascar,Rogue,U.S.A.
3.5,70.0, ,Dominican Republic,Rogue,U.S.A.
4.0,75.0, ,Bolivia,Rogue,U.S.A.
3.75,75.0,Trinitario,Jamaica,Rogue,U.S.A.
3.75,75.0,Nacional (Arriba),Ecuador,Rogue,U.S.A.
3.0,75.0,Criollo,Bolivia,Rogue,U.S.A.
3.75,75.0, ,Peru,Rogue,U.S.A.
3.5,70.0,Trinitario,Venezuela,Rogue,U.S.A.
2.75,70.0, ,Dominican Republic,Rogue,U.S.A.
2.75,70.0,Trinitario,Jamaica,Rogue,U.S.A.
2.75,70.0,Trinitario,Madagascar,Rogue,U.S.A.
3.0,70.0,Trinitario,Trinidad,Rogue,U.S.A.
2.5,84.0, ,Venezuela,Rozsavolgyi,Hungary
2.25,76.0,Trinitario,Venezuela,Rozsavolgyi,Hungary
2.5,72.0,Trinitario,Madagascar,Rozsavolgyi,Hungary
3.5,73.0,Criollo,Venezuela,Rozsavolgyi,Hungary
2.5,71.0, ,Venezuela,Rozsavolgyi,Hungary
3.5,70.0, ,Venezuela,Rozsavolgyi,Hungary
2.75,77.0,Forastero,Principe,Rozsavolgyi,Hungary
3.5,64.0,Trinitario,Madagascar,S.A.I.D.,Italy
3.0,70.0, ,Dominican Republic,S.A.I.D.,Italy
3.5,72.0, ,Carribean,S.A.I.D.,Italy
2.75,83.0, ,Central and S. America,Sacred,U.S.A.
3.25,69.0, ,Central and S. America,Sacred,U.S.A.
3.5,70.0,Forastero,Brazil,Salgado,Argentina
3.5,70.0,Forastero,Ecuador,Salgado,Argentina
3.5,70.0,Trinitario,Venezuela,Salgado,Argentina
3.5,70.0,Forastero,Ecuador,Salgado,Argentina
2.75,75.0,Forastero,Colombia,Santander (Compania Nacional),Colombia
3.0,70.0,Forastero,Colombia,Santander (Compania Nacional),Colombia
2.0,53.0,Forastero,Colombia,Santander (Compania Nacional),Colombia
3.0,65.0,Forastero,Colombia,Santander (Compania Nacional),Colombia
4.0,70.0,Forastero,Colombia,Santander (Compania Nacional),Colombia
2.75,70.0,Forastero,Sao Tome,Santome,France
4.0,78.0, ,Peru,Scharffen Berger,U.S.A.
3.75,68.0, ,Papua New Guinea,Scharffen Berger,U.S.A.
3.5,68.0,Trinitario,Grenada,Scharffen Berger,U.S.A.
3.75,65.0,Criollo,Madagascar,Scharffen Berger,U.S.A.
3.75,68.0, ,Brazil,Scharffen Berger,U.S.A.
4.0,65.0,Forastero,Ghana,Scharffen Berger,U.S.A.
3.75,72.0,Trinitario,Vietnam,Scharffen Berger,U.S.A.
3.0,72.0,Blend,"Ven., Trinidad, Mad.",Scharffen Berger,U.S.A.
3.0,72.0,Blend,Carribean(DR/Jam/Tri),Scharffen Berger,U.S.A.
3.75,75.0, ,Venezuela,Scharffen Berger,U.S.A.
3.0,75.0,Blend,Carribean,Scharffen Berger,U.S.A.
2.0,68.0,Blend,Ghana & Madagascar,Scharffen Berger,U.S.A.
2.0,70.0,Trinitario,Jamaica,Scharffen Berger,U.S.A.
2.75,70.0, ,Domincan Republic,Seaforth,U.K.
2.75,70.0, ,Grenada,Seaforth,U.K.
3.25,72.0,Trinitario,Jamaica,Shark Mountain,U.S.A.
3.5,73.0,Forastero,Papua New Guinea,Shark Mountain,U.S.A.
2.75,77.0,Criollo,Venezuela,Shark Mountain,U.S.A.
3.5,74.0,Criollo,Dominican Republic,Shark Mountain,U.S.A.
3.0,75.0,Trinitario,Ecuador,Shark Mountain,U.S.A.
3.25,72.0,Criollo,Belize,Shark Mountain,U.S.A.
2.0,73.0, ,Hawaii,Shark's,U.S.A.
2.5,73.0, ,Hawaii,Shark's,U.S.A.
3.25,70.0, ,Peru,Shattel,Peru
3.5,75.0,Criollo,Peru,Shattell,Peru
3.25,82.0, ,Costa Rica,Sibu,Costa Rica
3.5,70.0, ,Costa Rica,Sibu,Costa Rica
2.5,70.0, ,Peru,Sibu Sura,U.S.A.
3.0,67.0,Criollo,Belize,Silvio Bessone,Italy
3.25,65.0,Forastero,Sao Tome,Silvio Bessone,Italy
3.25,60.0,Trinitario,Brazil,Silvio Bessone,Italy
3.0,68.0,Criollo,Colombia,Silvio Bessone,Italy
3.5,73.0, ,Bolivia,Sirene,Canada
3.5,73.0, ,Tanzania,Sirene,Canada
3.75,73.0, ,Ecuador,Sirene,Canada
3.0,100.0,Trinitario,Madagascar,Sirene,Canada
3.0,100.0, ,Ecuador,Sirene,Canada
3.0,73.0, ,Guatemala,Sirene,Canada
3.25,73.0, ,Guatemala,Sirene,Canada
3.25,73.0, ,Haiti,Sirene,Canada
3.75,67.0,Trinitario,Madagascar,Sirene,Canada
3.75,73.0,Trinitario,Madagascar,Sirene,Canada
3.75,73.0, ,Ecuador,Sirene,Canada
2.75,70.0,Forastero,Ghana,Sjolinds,U.S.A.
3.0,72.0, ,Nicaragua,Sjolinds,U.S.A.
3.5,70.0, ,Dominican Republic,"Smooth Chocolator, The",Australia
3.75,70.0,Criollo,Venezuela,"Smooth Chocolator, The",Australia
4.0,70.0,Criollo,Ecuador,"Smooth Chocolator, The",Australia
3.75,70.0, ,Belize,"Smooth Chocolator, The",Australia
3.0,70.0,Trinitario,Vietnam,"Smooth Chocolator, The",Australia
3.75,67.0, ,Australia,"Smooth Chocolator, The",Australia
3.25,70.0, ,Guatemala,"Smooth Chocolator, The",Australia
3.25,65.0,Trinitario,Madagascar,"Smooth Chocolator, The",Australia
3.5,70.0,Trinitario,Madagascar,"Smooth Chocolator, The",Australia
3.75,67.0, ,Tanzania,"Smooth Chocolator, The",Australia
3.75,70.0,Trinitario,Trinidad,"Smooth Chocolator, The",Australia
4.0,72.0, ,Ecuador,"Smooth Chocolator, The",Australia
2.75,72.0, ,Bolivia,"Smooth Chocolator, The",Australia
3.5,65.0, ,Papua New Guinea,"Smooth Chocolator, The",Australia
3.0,67.0,Forastero,Peru,"Smooth Chocolator, The",Australia
3.75,70.0,Trinitario,Venezuela,"Smooth Chocolator, The",Australia
1.5,67.0,Forastero,Ghana,Snake & Butterfly,U.S.A.
3.0,68.0,Trinitario,Madagascar,Snake & Butterfly,U.S.A.
3.25,68.0, ,Ecuador,Snake & Butterfly,U.S.A.
3.5,70.0, ,Ecuador,Sol Cacao,U.S.A.
3.0,72.0,Trinitario,Madagascar,Sol Cacao,U.S.A.
2.75,68.0,Forastero,Peru,Solkiki,U.K.
2.75,85.0, ,Domincan Republic,Solkiki,U.K.
3.25,70.0, ,Solomon Islands,Solomons Gold,New Zealand
3.25,75.0, ,Solomon Islands,Solomons Gold,New Zealand
3.0,70.0,Trinitario,Uganda,Solstice,U.S.A.
3.0,70.0,Trinitario,Madagascar,Solstice,U.S.A.
3.0,70.0, ,Venezuela,Solstice,U.S.A.
3.25,70.0, ,Bolivia,Solstice,U.S.A.
3.25,70.0, ,Peru,Solstice,U.S.A.
3.5,62.0, ,Domincan Republic,Soma,Canada
3.5,70.0,Trinitario,Madagascar,Soma,Canada
3.5,70.0,Forastero,Brazil,Soma,Canada
3.75,75.0, ,"Ven.,Ecu.,Peru,Nic.",Soma,Canada
3.75,70.0,Trinitario,Nicaragua,Soma,Canada
4.0,70.0,Trinitario,Vietnam,Soma,Canada
3.25,70.0, ,Ecuador,Soma,Canada
3.5,70.0,Criollo,Venezuela,Soma,Canada
4.0,75.0, ,Venezuela,Soma,Canada
3.5,70.0, ,Nicaragua,Soma,Canada
3.75,70.0,Forastero,Peru,Soma,Canada
3.25,70.0,Trinitario,Nicaragua,Soma,Canada
3.5,80.0,Forastero,Ecuador,Soma,Canada
3.75,70.0,Forastero,Vanuatu,Soma,Canada
3.25,70.0,Blend,Madagascar & Ecuador,Soma,Canada
3.75,77.0,Trinitario,Dominican Republic,Soma,Canada
3.25,70.0,Criollo,Indonesia,Soma,Canada
2.75,70.0,Criollo,Peru,Soma,Canada
3.75,70.0,Trinitario,Trinidad,Soma,Canada
3.75,70.0,Criollo,Venezuela,Soma,Canada
4.0,88.0, ,"Guat., D.R., Peru, Mad., PNG",Soma,Canada
4.0,70.0,Criollo,Venezuela,Soma,Canada
4.0,67.0, ,"Peru, Dom. Rep",Soma,Canada
3.25,70.0,Forastero,Venezuela,Soma,Canada
4.0,70.0,Trinitario,Jamaica,Soma,Canada
3.25,70.0, ,Haiti,Soma,Canada
3.75,70.0, ,Hawaii,Soma,Canada
4.0,70.0,Blend,"Dom. Rep., Madagascar",Soma,Canada
4.0,70.0,Blend,"Gre., PNG, Haw., Haiti, Mad",Soma,Canada
3.5,70.0,Trinitario,Guatemala,Soma,Canada
3.75,70.0,Trinitario,Venezuela,Soma,Canada
3.5,70.0,Blend,"Mad., Java, PNG",Soma,Canada
3.5,85.0,Trinitario,Papua New Guinea,Soma,Canada
2.75,70.0,Trinitario,Grenada,Soma,Canada
3.5,70.0,Nacional,Bolivia,Soma,Canada
4.0,64.0, ,Peru,Soma,Canada
3.75,70.0,Forastero,Dominican Republic,Soma,Canada
3.5,70.0,Criollo,Venezuela,Soma,Canada
3.75,70.0,Trinitario,"DR, Ecuador, Peru",Soma,Canada
3.0,70.0,Forastero,Dominican Republic,Soma,Canada
3.5,70.0,Forastero,Ghana,Soma,Canada
3.0,70.0,Trinitario,Dominican Republic,Soma,Canada
3.5,70.0,Trinitario,Papua New Guinea,Soma,Canada
3.75,70.0,Criollo,Madagascar,Soma,Canada
3.75,70.0,Criollo,Venezuela,Soma,Canada
3.25,70.0, ,Nicaragua,Somerville,U.S.A.
3.5,70.0, ,Hawaii,Somerville,U.S.A.
3.25,70.0, ,Dominican Republic,Soul,Canada
3.5,70.0, ,Madagascar,Soul,Canada
3.5,75.0, ,Venezuela,Soul,Canada
3.25,75.0, ,Ecuador,Soul,Canada
3.25,77.0, ,Papua New Guinea,Soul,Canada
3.5,80.0, ,Tanzania,Soul,Canada
3.0,70.0, ,Dominican Republic,Spagnvola,U.S.A.
3.0,80.0, ,Dominican Republic,Spagnvola,U.S.A.
3.25,75.0, ,Dominican Republic,Spagnvola,U.S.A.
3.75,70.0, ,Dominican Republic,Spencer,U.S.A.
3.5,70.0, ,Ecuador,Spencer,U.S.A.
2.75,70.0, ,Peru,Spencer,U.S.A.
3.5,70.0, ,Domincan Republic,Spencer,Australia
3.75,70.0, ,Ecuador,Spencer,Australia
3.75,70.0, ,Madagascar,Spencer,Australia
2.75,72.0,Trinitario,Vanuatu,Spencer,Australia
3.0,70.0,Criollo,Bolivia,Sprungli (Felchlin),Switzerland
3.0,70.0, ,Dominican Republic,SRSLY,U.S.A.
2.25,84.0, ,Dominican Republic,SRSLY,U.S.A.
3.0,70.0,Forastero,Ecuador,Starchild,U.S.A.
3.0,70.0, ,Domincan Republic,Starchild,U.S.A.
3.0,70.0, ,Guatemala,Starchild,U.S.A.
3.0,70.0,Trinitario,Nicaragua,Starchild,U.S.A.
3.0,70.0,Trinitario,Madagascar,Starchild,U.S.A.
2.75,68.0,Trinitario,Brazil,Stella (aka Bernrain),Switzerland
3.25,72.0, ,India,Stella (aka Bernrain),Switzerland
3.5,84.0, ,Ecuador,Stone Grindz,U.S.A.
3.5,70.0, ,Ecuador,Stone Grindz,U.S.A.
2.5,65.0, ,Philippines,StRita Supreme,U.S.A.
2.5,70.0, ,Philippines,StRita Supreme,U.S.A.
2.75,75.0, ,Philippines,StRita Supreme,U.S.A.
2.75,67.0,Trinitario,Madagascar,Sublime Origins,U.S.A.
3.25,78.0,Trinitario,Belize,Sublime Origins,U.S.A.
2.5,61.0,Criollo,Peru,Summerbird,Denmark
3.0,71.0,Criollo,Peru,Summerbird,Denmark
2.75,70.0, ,Venezuela,Suruca Chocolate,Venezuela
3.0,60.0, ,Venezuela,Suruca Chocolate,Venezuela
2.75,70.0,Criollo,Sri Lanka,Svenska Kakaobolaget,Sweden
3.25,70.0, ,Ecuador,Szanto Tibor,Hungary
3.25,88.0,Trinitario,Cuba,Szanto Tibor,Hungary
3.25,70.0,Trinitario,Madagascar,Szanto Tibor,Hungary
3.75,70.0,Forastero,Ecuador,Szanto Tibor,Hungary
3.25,70.0,Trinitario,Vietnam,Szanto Tibor,Hungary
3.5,70.0,Forastero,Brazil,Szanto Tibor,Hungary
3.5,70.0,Criollo,Venezuela,Szanto Tibor,Hungary
3.75,70.0,Trinitario,Cuba,Szanto Tibor,Hungary
3.5,70.0,Criollo,Madagascar,Szanto Tibor,Hungary
3.5,70.0,Criollo,Madagascar,Szanto Tibor,Hungary
3.25,70.0, ,Nicaragua,Szanto Tibor,Hungary
3.25,70.0, ,Dominican Republic,Szanto Tibor,Hungary
3.25,70.0, ,Madagascar,Szanto Tibor,Hungary
3.75,70.0, ,Peru,Szanto Tibor,Hungary
3.0,70.0, ,Venezuela,Szanto Tibor,Hungary
2.75,70.0, ,Costa Rica,Tabal,U.S.A.
2.75,70.0, ,Dominican Republic,Tabal,U.S.A.
2.5,70.0, ,Mexico,Tabal,U.S.A.
3.0,70.0, ,Peru,Tabal,U.S.A.
3.0,70.0, ,Colombia,Tablette (aka Vanillabeans),Japan
3.25,62.0, ,Papua New Guinea,Tablette (aka Vanillabeans),Japan
3.25,60.0,Trinitario,Vietnam,Tablette (aka Vanillabeans),Japan
2.75,77.0,Trinitario,Trinidad,Tablette (aka Vanillabeans),Japan
3.25,70.0,Trinitario,Suriname,Tan Ban Skrati,Suriname
3.0,68.0,Trinitario,Belize,Taza,U.S.A.
3.25,87.0, ,Bolivia,Taza,U.S.A.
2.75,75.0, ,Mexico,Taza,U.S.A.
3.0,70.0, ,Dominican Republic,Taza,U.S.A.
2.0,62.0,Forastero,West Africa,TCHO,U.S.A.
3.25,99.0, ,"Peru, Ecuador",TCHO,U.S.A.
2.5,70.0,Forastero,Ghana,TCHO,U.S.A.
2.5,70.0, ,Peru,TCHO,U.S.A.
2.75,70.0, ,Madagascar,TCHO,U.S.A.
2.5,70.0, ,Peru,TCHO,U.S.A.
2.75,70.0, ,Madagascar,Tejas,U.S.A.
3.0,70.0,Blend,"Ecuador, Mad., PNG",Tejas,U.S.A.
3.0,70.0, ,Papua New Guinea,Tejas,U.S.A.
3.5,70.0, ,Dominican Republic,Tejas,U.S.A.
3.25,70.0, ,Ecuador,Tejas,U.S.A.
2.0,70.0, ,Peru,Tejas,U.S.A.
3.25,70.0, ,Ecuador,Tejas,U.S.A.
2.75,70.0, ,Bolivia,Tejas,U.S.A.
3.0,70.0, ,Madagascar,Tejas,U.S.A.
3.25,70.0, ,Mexico,Tejas,U.S.A.
2.75,70.0, ,Brazil,Tejas,U.S.A.
3.0,80.0, ,Venezuela,Tejas,U.S.A.
3.25,67.0, ,Bolivia,Tejas,U.S.A.
3.5,70.0,Forastero,Brazil,Tejas,U.S.A.
2.75,70.0, ,Peru,Terroir,U.S.A.
3.75,70.0,Trinitario,Belize,Terroir,U.S.A.
3.75,70.0,Trinitario,Madagascar,Terroir,U.S.A.
3.25,70.0, ,Ecuador,Terroir,U.S.A.
3.5,70.0, ,Domincan Republic,Terroir,U.S.A.
3.75,70.0,Trinitario,Guatemala,Terroir,U.S.A.
3.25,77.0, ,Ecuador,Terroir,U.S.A.
3.75,67.0,Trinitario,Madagascar,Terroir,U.S.A.
3.75,73.0,Forastero,Uganda,Terroir,U.S.A.
3.0,70.0, ,Peru,The Barn,Sweden
3.25,65.0,Forastero,Congo,Theo,U.S.A.
3.5,65.0,Trinitario,Madagascar,Theo,U.S.A.
2.5,75.0, ,Ivory Coast,Theo,U.S.A.
3.0,84.0,Forastero,Ghana,Theo,U.S.A.
2.0,91.0,Blend,Venezuela,Theo,U.S.A.
3.0,75.0,Blend,"Ghana, Panama, Ecuador",Theo,U.S.A.
3.25,70.0, ,Peru,Theobroma,Japan
3.75,72.0,Trinitario,Belize,Timo A. Meyer,Germany
3.25,81.0,Forastero,Ecuador,To'ak (Ecuatoriana),Ecuador
4.0,70.0,Trinitario,Tobago,Tobago Estate (Pralus),France
3.0,77.0,Criollo,Bolivia,Tocoti,U.S.A.
2.75,72.0, ,Venezuela,Tocoti,U.S.A.
3.0,74.0, ,Dominican Republic,Tocoti,U.S.A.
3.0,72.0, ,Dominican Republic,Treehouse,U.S.A.
3.5,72.0, ,Madagascar,Tsara (Cinagra),Madagascar
2.75,75.0, ,Domincan Republic,twenty-four blackbirds,U.S.A.
3.5,75.0, ,Ecuador,twenty-four blackbirds,U.S.A.
3.5,75.0,Trinitario,Madagascar,twenty-four blackbirds,U.S.A.
3.25,68.0, ,Dominican Republic,twenty-four blackbirds,U.S.A.
2.5,75.0, ,Bolivia,twenty-four blackbirds,U.S.A.
2.75,73.0, ,Dominican Republic,twenty-four blackbirds,U.S.A.
3.0,60.0,Criollo,Peru,Two Ravens,U.S.A.
3.75,63.0, ,Dominican Republic,Un Dimanche A Paris,France
2.75,74.0, ,Nicaragua,Undone,U.S.A.
3.0,70.0, ,Dominican Republic,Undone,U.S.A.
3.0,72.0,Trinitario,Madagascar,Upchurch,U.S.A.
3.25,72.0, ,Tanzania,Upchurch,U.S.A.
3.25,65.0,Trinitario,Venezuela,Urzi,Italy
4.0,63.0, ,Peru,Valrhona,France
3.5,64.0, ,Dominican Republic,Valrhona,France
4.0,69.0, ,Venezuela,Valrhona,France
4.0,64.0,Criollo,Venezuela,Valrhona,France
3.75,64.0, ,Dominican Republic,Valrhona,France
3.75,66.0, ,Ecuador,Valrhona,France
3.5,68.0,Forastero,Ghana,Valrhona,France
3.0,72.0,Blend,"Venezuela, Carribean",Valrhona,France
3.75,65.0,Trinitario,Venezuela,Valrhona,France
4.0,64.0,Criollo,Madagascar,Valrhona,France
2.5,85.0,Forastero,West Africa,Valrhona,France
2.75,71.0,Forastero,West Africa,Valrhona,France
3.25,64.0,Criollo,Venezuela,Valrhona,France
3.0,66.0,Trinitario,Carribean,Valrhona,France
4.0,70.0,Criollo,South America,Valrhona,France
2.5,64.0,Trinitario,Trinidad,Valrhona,France
3.0,64.0,Criollo,Venezuela,Valrhona,France
3.5,64.0,Trinitario,Madagascar,Valrhona,France
2.5,72.0,Forastero,Ghana,Vanleer (Barry Callebaut),U.S.A.
2.75,65.0,Forastero,Ghana,Vanleer (Barry Callebaut),U.S.A.
2.75,72.0,Trinitario,Madagascar,Vao Vao (Chocolaterie Robert),Madagascar
2.75,76.0,Trinitario,Madagascar,Vao Vao (Chocolaterie Robert),Madagascar
2.75,80.0,Trinitario,Madagascar,Vao Vao (Chocolaterie Robert),Madagascar
3.0,70.0,Trinitario,Madagascar,Vao Vao (Chocolaterie Robert),Madagascar
3.0,68.0,Trinitario,Madagascar,Vao Vao (Chocolaterie Robert),Madagascar
3.25,64.0,Trinitario,Madagascar,Vao Vao (Chocolaterie Robert),Madagascar
3.25,70.0, ,Bolivia,Vicuna,U.S.A.
3.25,70.0, ,Bolivia,Vicuna,U.S.A.
3.25,90.0, ,Dominican Republic,Videri,U.S.A.
3.5,75.0,Trinitario,Trinidad,Videri,U.S.A.
3.5,75.0, ,Ecuador,Videri,U.S.A.
3.75,90.0, ,Central and S. America,Videri,U.S.A.
3.25,70.0, ,Central and S. America,Videri,U.S.A.
3.5,70.0,Trinitario,Vietnam,Vietcacao (A. Morin),France
3.0,75.0, ,Peru,Vintage Plantations,U.S.A.
2.0,100.0,Forastero,Ecuador,Vintage Plantations (Tulicorp),U.S.A.
2.0,90.0,Forastero,Ecuador,Vintage Plantations (Tulicorp),U.S.A.
3.0,75.0,Forastero,Ecuador,Vintage Plantations (Tulicorp),U.S.A.
3.0,65.0,Forastero,Ecuador,Vintage Plantations (Tulicorp),U.S.A.
2.75,77.0,Trinitario,Madagascar,Violet Sky,U.S.A.
3.0,77.0,Criollo,Belize,Violet Sky,U.S.A.
3.0,77.0,Criollo,Venezuela,Violet Sky,U.S.A.
3.25,77.0,Criollo,Peru,Violet Sky,U.S.A.
2.75,77.0,Trinitario,Guatemala,Violet Sky,U.S.A.
2.5,70.0, ,Peru,Vivra,U.S.A.
2.5,70.0, ,Venezuela,Vivra,U.S.A.
3.0,70.0, ,Domincan Republic,Vivra,U.S.A.
3.5,70.0,Trinitario,Dominican Republic,Wellington Chocolate Factory,New Zealand
3.5,70.0, ,Peru,Wellington Chocolate Factory,New Zealand
2.5,72.0,Forastero,Ghana,Whittakers,New Zealand
2.5,75.0,Criollo,Peru,Wilkie's Organic,Ireland
2.75,89.0,Criollo,Peru,Wilkie's Organic,Ireland
3.25,75.0,Criollo,Peru,Wilkie's Organic,Ireland
2.75,75.0,Criollo,Peru,Wilkie's Organic,Ireland
4.0,70.0, ,Colombia,Willie's Cacao,U.K.
3.0,88.0,Trinitario,Colombia,Willie's Cacao,U.K.
2.25,100.0, ,Indonesia,Willie's Cacao,U.K.
3.0,71.0,Trinitario,Madagascar,Willie's Cacao,U.K.
3.5,72.0, ,Venezuela,Willie's Cacao,U.K.
3.75,69.0, ,Indonesia,Willie's Cacao,U.K.
3.0,70.0, ,Peru,Willie's Cacao,U.K.
3.25,72.0,Trinitario,Venezuela,Willie's Cacao,U.K.
3.0,74.0,Criollo,Venezuela,Wm,U.S.A.
3.5,76.0, ,Bolivia,Wm,U.S.A.
3.75,75.0, ,Ghana,Wm,U.S.A.
3.0,70.0,Forastero,Peru,Woodblock,U.S.A.
3.25,70.0, ,Ecuador,Woodblock,U.S.A.
3.5,70.0,Trinitario,Trinidad,Woodblock,U.S.A.
2.5,70.0, ,Ecuador,Woodblock,U.S.A.
3.0,70.0, ,Costa Rica,Woodblock,U.S.A.
3.25,70.0,Trinitario,Madagascar,Woodblock,U.S.A.
4.0,70.0, ,Venezuela,Woodblock,U.S.A.
3.5,70.0, ,Dominican Republic,Woodblock,U.S.A.
3.0,66.0, ,Dominican Republic,Xocolat,Domincan Republic
2.75,70.0, ,Madagascar,Xocolla,U.S.A.
2.5,70.0, ,Dominican Republic,Xocolla,U.S.A.
3.0,70.0, ,Papua New Guinea,Zak's,U.S.A.
3.25,70.0, ,Domincan Republic,Zak's,U.S.A.
3.25,70.0,Trinitario,Madagascar,Zak's,U.S.A.
3.25,70.0, ,Peru,Zak's,U.S.A.
3.5,70.0,Trinitario,Belize,Zak's,U.S.A.
3.5,70.0,Criollo,Madagascar,Zart Pralinen,Austria
2.75,70.0,Nacional (Arriba),Ecuador,Zart Pralinen,Austria
2.75,85.0,Trinitario,Trinidad,Zart Pralinen,Austria
3.0,85.0,Criollo,Tanzania,Zart Pralinen,Austria
3.5,70.0,Criollo,Tanzania,Zart Pralinen,Austria
3.5,78.0,Trinitario,Trinidad,Zart Pralinen,Austria
3.75,78.0, ,Solomon Islands,Zokoko,Australia
3.5,68.0, ,Bolivia,Zokoko,Australia
3.5,66.0,Trinitario,Papua New Guinea,Zokoko,Australia
3.75,72.0, ,Bolivia,Zokoko,Australia
3.5,72.0, ,Panama,Zotter,Austria
3.0,70.0,Criollo,Peru,Zotter,Austria
3.5,70.0,Criollo,Peru,Zotter,Austria
3.75,62.0, ,Dominican Republic,Zotter,Austria
3.0,75.0,Forastero,Ecuador,Zotter,Austria
3.0,75.0,Criollo,Papua New Guinea,Zotter,Austria
3.25,90.0, ,Bolivia,Zotter,Austria
3.75,70.0, ,Dominican Republic,Zotter,Austria
3.25,68.0,Forastero,Congo,Zotter,Austria
3.75,70.0, ,Peru,Zotter,Austria
3.0,65.0,Forastero,Congo,Zotter,Austria
3.5,65.0,Forastero,India,Zotter,Austria
3.25,62.0, ,India,Zotter,Austria
3.0,65.0, ,Brazil,Zotter,Austria
